code,number,obtainedas,pot1_code,pot2_code,genus,species,subspecies,variety,county,state,country,supplyer,old_code,MK,year,cost,location,county_inferred,expectation_hope,comment,legacy
SARALA-001P,001,P,,,Sarracenia,alata,,,,,United States,sarracenia.cz,,,2014-06,,,,,,
SARALA-002P,002,P,,,Sarracenia,alata,,,,,United States,GFP - Simon Ehrenmann,,,2020-04,,,,,,
SARALA-003P,003,P,,,Sarracenia,alata,,,,,United States,Matthias Keller,,,2020-05,,,,,,
SARALA-004S,004,S,,,Sarracenia,alata,,cuprea,Hardin,Texas,United States,Stefano Tognon - ice00,X121-19,,2020-12,0.7,Texas,inferred,,"alata var cuprea Texas , tall, Copper Lid and upper tube x self",
SARALA-005P,005,P,,,Sarracenia,alata,,,,,United States,Matthias Keller,,,2022-05,0,,,,unsure,
SARALA-006P,006,P,,,Sarracenia,alata,,,,,United States,Matthias Keller,,,2022-05,0,,,,S. alata var. alata MK A18 F2,
SARALA-007S,007,S,,,Sarracenia,alata,,nigropurpurea,Forrest,Mississippi,United States,sarracenia.fr,SAL-004 B ,,2022-11,2.9,"Desoto, Mississipi",,,Beautiful large dark brown form of alata with curved lid. (MK A27),
SARALA-008S,008,S,,,Sarracenia,alata,,atrorubra,,,United States,sarracenia.fr,SAL-009 A ,,2022-11,2.9,,,,Red tube. Dark red form S.alata to curved hood.,
SARALA-009S,009,S,,,Sarracenia,alata,,atrorubra,,,United States,sarracenia.fr,SAL-009 C ,,2022-11,2.9,,,,"Red Skin. Completely red, inside and outside. Slightly pubescent.",
SARALA-010S,010,S,,,Sarracenia,alata,,rubrioperculata,,,United States,sarracenia.fr,SAL-010   ,,2022-11,2.9,,,,"Purple throat Giant. Similar, in larger, to alata red throat. Gets huge.",
SARALA-011S,011,S,,,Sarracenia,alata,,nigropurpurea,,,United States,Angelo Ossino - carnivorandia - Via Como 11 - IT-26010 Priolo Gargallo (SR),556,,2022-12,,,,,A60MK x A28MK,
SARALA-012S,012,S,,,Sarracenia,alata,,rubrioperculata,Stone,Mississippi,United States,Christian Klein,,,2022-12,2.6,,inferred,,"S. alata, deep maroon throat, Welham --> A02 -- Sarracenia alata rubrioperculata -- MS; Stone Co -- Red lid, maroon tinged bulbous upper pitchers;huge stocky pitchers in autumn -- MK: A20, ST: A11, AS: SA25, RvL: AL19, Welham",
SARALA-013S,013,S,,,Sarracenia,alata,,nigropurpurea,,,United States,Christian Klein,,,2022-12,2.6,,,,"S. alata, Black Tube, Pubescent Black",
SARALA-014S,014,S,,,Sarracenia,alata,,atrorubra,Washington,Alabama,United States,sarracenia.fr,SAL-009 B,,2022-12,2.9,,,,"SAL-009 B 2,90 EUR Sarracenia alata var.atrorubra (red tube)-Deer park-Al ",
SARALA-015S,015,S,,,Sarracenia,alata,,alata,Jackson,Mississippi,United States,sarracenia.fr,SAL-015,,2022-12,2.9,,,,"SAL-015 2,90 EUR Sarracenia alata var.alata- red/heavy vein-Jackson Co-Mississippi ",
SARALA-016S,016,S,,,Sarracenia,alata,,nigropurpurea,Stone,Mississippi,United States,Michelle Carolin Förster - MFC Karnivoren,3,,2023-02,3,DeSoto SF,,,"A28 S. alata Black tube Stocky pubescent, Desoto SF x self",
SARALA-017P,017,P,,,Sarracenia,alata,,,,,United States,Tom Hohlenstein,1,,2023-02,14,,,,"Pubescent Black DeSoto, old german clone ex. Christian Klein",
SARALA-018P,018,P,,,Sarracenia,alata,,,,,United States,Tom Hohlenstein,2,,2023-02,14,,,,Giant Veined,
SARALA-019P,019,P,,,Sarracenia,alata,,,Jasper,Texas,United States,Christian Klein,SAL_40,,2023-03,20,,,,"alata „Yellow, Bulbous Pitchers“, Jasper,Co     20",
SARFLA-001P,001,P,,,Sarracenia,flava,,rugelii,,,United States,sarracenia.cz,,,2014-06,,,,,,
SARFLA-002P,002,P,,,Sarracenia,flava,,,Brunswick,North Carolina,United States,GFP - Simon Ehrenmann,,,2020-04,,Shallotte,,,,
SARFLA-003P,003,P,,,Sarracenia,flava,,,Sussex,North Carolina,United States,GFP - Simon Ehrenmann,,,2020-04,,,,,,
SARFLA-004P,004,P,,,Sarracenia,flava,,atropurpurea,Santa Rosa,Florida,United States,Matthias Keller,MKF27C,,2020-05,,,,,,
SARFLA-005P,005,P,,,Sarracenia,flava,,,,,United States,Matthias Keller,,,2020-05,,,,,,
SARFLA-006P,006,P,,,Sarracenia,flava,,rubricorpora,,,United States,Matthias Keller,,,2020-05,,,,,red tube,
SARFLA-007S,007,S,,,Sarracenia,flava,,rubicorpora,Liberty,Florida,United States,Stefano Tognon - ice00,X19-20,,2020-12,2,Apalachicola National Forest,,,(F111 MK) x self,
SARFLA-008S,008,S,,,Sarracenia,flava,,rubicorpora x ornata,,,United States,Stefano Tognon - ice00,X22-20,,2020-12,2,,,,var. rubicorpora (F111 MK) x flava var ornata F72PW ,
SARFLA-009S,009,S,,,Sarracenia,flava,,maxima,Sussex,Virginia,United States,Stefano Tognon - ice00,X38-19,,2020-12,1,"Sussex Co., Virginia",,,"flava var. maxima, Beautiful yellow pitchers, Sussex Co., Virginia, F64 Phil Wilson x self",
SARFLA-010S,010,S,,,Sarracenia,flava,,cuprea,,,United States,Stefano Tognon - ice00,X7-19,,2020-12,1,,,,(flava var cuprea Dennis Balsdon x self) x flava var cuprea Dennis Balsdon,
SARFLA-011S,011,S,,,Sarracenia,flava,,,,,United States,Michiels Ewoud,,,2021-01,1.6,,,,"flava ""Goldie"" x S. flava var. cuprea (MK F90)",
SARFLA-012P,012,P,,,Sarracenia,flava,,atropurpurea,,,United States,Matthias Keller,,,2022-05,0,,,,S. flava red,
SARFLA-013P,013,P,,,Sarracenia,flava,,ornata,,,United States,Matthias Keller,,,2022-05,0,,,,,
SARFLA-014P,014,P,,,Sarracenia,flava,,flava,,,United States,Matthias Keller,,,2022-05,0,,,,,
SARFLA-015P,015,P,,,Sarracenia,flava,,rubricorpora,,,United States,Matthias Keller,,,2022-05,0,,,,,
SARFLA-016P,016,P,,,Sarracenia,flava,,rubricorpora,,,United States,Matthias Keller,,,2022-05,0,,,,DA,
SARFLA-017P,017,P,,,Sarracenia,flava,,cuprea,,,United States,Ruedi Fürst,,,2022-06,,,,,,
SARFLA-018P,018,P,,,Sarracenia,flava,,maxima,,,United States,Ruedi Fürst,,,2022-06,,,,,,
SARFLA-019S,019,S,,,Sarracenia,flava,,ornata,,,United States,GfP - Matthias Pfeiffer,,,2022-10,2,,,,red pubescent x self,
SARFLA-020S,020,S,,,Sarracenia,flava,,rubricorpora,,,United States,GfP - Matthias Pfeiffer,,,2022-10,2,,,,var. ornata MS 77/1 x flava var. ornata F31,
SARFLA-021S,021,S,,,Sarracenia,flava,,,,,United States,GfP - Matthias Pfeiffer,,,2022-10,2,,,,var ornata MS 77/1 x rubricorpora red pubesent,
SARFLA-022S,022,S,,,Sarracenia,flava,,ornata,,,United States,GfP - Matthias Pfeiffer,,,2022-10,2,,,,var. ornata F31 x flava var. ornata MS 77/1,
SARFLA-023S,023,S,,,Sarracenia,flava,,,,,United States,GfP - Matthias Pfeiffer,,,2022-10,2,,,,var. cuprea F218 x flava var. ornata MS 77/1,
SARFLA-024S,024,S,,,Sarracenia,flava,,ornata,,,United States,dc.carnivores/aldebardan - Danilo Cazzaniga,3,,2022-11,6,,,,"FLAVA black veins #3 x flava ornata ""improved black veins""",
SARFLA-025S,025,S,,,Sarracenia,flava,,ornata,,,United States,dc.carnivores/aldebardan - Danilo Cazzaniga,4,,2022-11,6,,,,FLAVA ornata black veins x flava ornata “improved Black veins” ,
SARFLA-026S,026,S,,,Sarracenia,flava,,,,,United States,dc.carnivores/aldebardan - Danilo Cazzaniga,11,,2022-11,6,,,,FLAVA rugelii F18MK x flava atro. ‘Waccamaw',
SARFLA-027S,027,S,,,Sarracenia,flava,,cuprea,,,United States,dc.carnivores/aldebardan - Danilo Cazzaniga,19,,2022-11,5,,,,"FLAVA cuprea ""CK2"" x flava cuprea ""Chocolate Top""",
SARFLA-028S,028,S,,,Sarracenia,flava,,rubricorpora,,,United States,dc.carnivores/aldebardan - Danilo Cazzaniga,29,,2022-11,3,,,,FLAVA rubri giant F42  x self,
SARFLA-029S,029,S,,,Sarracenia,flava,,flava,Brunswick,North Carolina,United States,sarracenia.fr,SFA-001 C ,,2022-11,2.9,"Green Swamp, NC, prob. Brunswick",yes,,,
SARFLA-030S,030,S,,,Sarracenia,flava,,atropurpurea,,,United States,sarracenia.fr,SFA-002   ,,2022-11,2.9,,,,All red. Flava entirely red with large and very high urns. Very large rounded lid.,
SARFLA-031S,031,S,,,Sarracenia,flava,,rugelii,,,United States,sarracenia.fr,SFA-003 Q ,,2022-11,2.9,,,,"Giant robust clone. Rugelii very large, chunky and robust.Large opening.(F18 MK)",
SARFLA-032S,032,S,,,Sarracenia,flava,,maxima,Brunswick,North Carolina,United States,sarracenia.fr,SFA-004 D ,,2022-11,2.9,"Green Swamp, NC",,,Real flava var.maxima. Green entirely. Very big plant.,
SARFLA-033S,033,S,,,Sarracenia,flava,,cuprea,,,United States,sarracenia.fr,SFA-011 M ,,2022-11,2.9,,,,"Very large form - Ph.Sheridan. One of the largest clone cuprea, more than 90 cm.MK F153",
SARFLA-034S,034,S,,,Sarracenia,flava,,ornata,Prince George,Virginia,United States,sarracenia.fr,SFA-013 P ,,2022-11,2.9,Prince George Co. VA,,,Gorgeous vertical veins. (MK F156),
SARFLA-035S,035,S,,,Sarracenia,flava,,ornata,,,United States,sarracenia.fr,SFA-013 T ,,2022-11,2.9,,,,"flava ornata largest, most vigourous, Walton Co. X flava ornata 'Red Lip' Mike Wang",
SARFLA-036S,036,S,,,Sarracenia,flava,,flava,Bay,Florida,United States,Christian Klein,,,2022-12,2.6,,,,"S. flava var. flava, Orange Tube, IP F39a, Sandy Creek",
SARFLA-037S,037,S,,,Sarracenia,flava,,ornata,Gulf,Florida,United States,Christian Klein,,,2022-12,2.6,,,,"S. flava var. ornata, F36 Phil Wilson, red throat, Apalachicola National Forest, Wewahitchka, Florida",
SARFLA-038S,038,S,,,Sarracenia,flava,,ornata,Walton,Florida,United States,Christian Klein,,,2022-12,2.6,,,,"S. flava var. ornata, Miramar, Florida",
SARFLA-039S,039,S,,,Sarracenia,flava,,cuprea,Brunswick,South Carolina,United States,Christian Klein,,,2022-12,2.6,,,,"S. flava var. cuprea, F 216, Green Swamp [Brunswick or Columbus Co.]",
SARFLA-040S,040,S,,,Sarracenia,flava,,rubricorpora,Liberty,Florida,United States,Christian Klein,,,2022-12,2.6,,inferred,,"S. flava var. rubricorpora, RCP1",
SARFLA-041S,041,S,,,Sarracenia,flava,,flava,Dinwiddie,Virginia,United States,sarracenia.fr,SFA-001 L,,2022-12,2.9,,,,"SFA-001 L 2,90 EUR Sarracenia flava var.flava - Shand's Bog",
SARFLA-042S,042,S,,,Sarracenia,flava,,,Onslow,North Carolina,United States,Steve Galic - callmemisterred,22-0013,,2023-02,8,,Onslow County Swarm x swarm —> Onslow County NC,,,
SARFLA-043S,043,S,,,Sarracenia,flava,,,Charleston,North Carolina,United States,Steve Galic - callmemisterred,22-0033,,2023-02,8,,GSF-578: flava South Santee #4 x GSF-166: cuprea South Santee #1 —> Charleston County SC,,,
SARFLA-044S,044,S,,,Sarracenia,flava,,,,,United States,Steve Galic - callmemisterred,22-0100,,2023-02,10,,"GSF-100: cuprea JL407 Supermax Wild X GSF-002: atropurpurea Waccamaw —> Notes: Supermax crossed with Waccamaw. I've selected some killer reds from this cross in the past, so remaking it. Should get 15% Carolina atros",,,
SARFLA-045S,045,S,,,Sarracenia,flava,,,Pender,North Carolina,United States,Steve Galic - callmemisterred,22-0318,,2023-02,8,,GSF-115: cuprea Maple Hill x Pender Co Swarm —> Pender County NC,,,
SARFLA-046P,046,P,,,Sarracenia,flava,,ornata,,,United States,Tom Hohlenstein,3,,2023-02,14,,,,CK2,
SARFLA-047S,047,S,,,Sarracenia,flava,,rubricorpora,,,United States,West Cornwall Carnivores,13,,2023-02,1.1,,,,"Flava F71MK x self --> F71 var. rubricorpora,Giant Red Tube,W,(F41,JA)",
SARLEU-001P,001,P,,,Sarracenia,leucophylla,,,Washington,Alabama,United States,GFP - Simon Ehrenmann,,,2020-04,,,,,"near Citronelle, Washington Co. AL",
SARLEU-002S,002,S,,,Sarracenia,leucophylla,,,,,United States,Stefano Tognon - ice00,X229-20,,2020-12,1.3,,,,"leucophylla “Labbra Bianche”, Adrian Slack clone  x leucophylla L2 MK - Green and White, Citronelle, AL",
SARLEU-003S,003,S,,,Sarracenia,leucophylla,,,,,United States,Christian List,,,2021-01,4,,,,L104F x SL97 ,
SARLEU-004S,004,S,,,Sarracenia,leucophylla,,,,,United States,Christian List,,,2021-01,4,,,,Mont Blanc' x SL25 ,
SARLEU-005S,005,S,,,Sarracenia,leucophylla,,,,,United States,Michiels Ewoud,,,2021-01,1.6,,,,"leucophylla ""Bonbon"" x selfed",
SARLEU-006S,006,S,,,Sarracenia,leucophylla,,,,,United States,Michiels Ewoud,,,2021-01,1.6,,,,"leucophylla ""Helmut's Delight"" x selfed",
SARLEU-007S,007,S,,,Sarracenia,leucophylla,,,,,United States,Michiels Ewoud,,,2021-01,1.6,,,,"leucophylla, red stripe in throat (SL61 C. Azais) x selfed",
SARLEU-008S,008,S,,,Sarracenia,leucophylla,,,,,United States,Michiels Ewoud,,,2021-01,1.6,,,,"leucophylla ""Bonbon"" x S. leucophylla (MK L13)",
SARLEU-009S,009,S,,,Sarracenia,leucophylla,,,,,United States,Michiels Ewoud,,,2021-01,1.6,,,,leucophylla (ISL x SCH13) x selfed,
SARLEU-010S,010,S,,,Sarracenia,leucophylla,,,Baldwin,Alabama,United States,Michiels Ewoud,,,2021-01,1.6,,,,"leucophylla ""HCW"", seedling S. Lenssen x selfed",
SARLEU-011S,011,S,,,Sarracenia,leucophylla,,,,,United States,Michiels Ewoud,,,2021-01,1.6,,,,"leucophylla, red tube, pink lid (MK L37) x selfed",
SARLEU-012P,012,P,,,Sarracenia,leucophylla,,,Santa Rosa,Florida,United States,Ruedi Fürst (ex. Urs Zimmermann),,,2022-06,,,,,"Yellow River Marsch Reserve, FL",
SARLEU-013S,013,S,,,Sarracenia,leucophylla,,,Baldwin,Alabama,United States,GfP - Matthias Pfeiffer,,,2022-10,2,"Ben's Bog, Baldwin Co., AL",,,L90 x self,
SARLEU-014S,014,S,,,Sarracenia,leucophylla,,,Washington,Alabama,United States,GfP - Matthias Pfeiffer,,,2022-10,2,,,,pubescent MK L40 x self,
SARLEU-015S,015,S,,,Sarracenia,leucophylla,,leucophylla,Baldwin,Alabama,United States,sarracenia.fr,SLE-001 R1,,2022-11,2.9," Gas Station Site, Perdido, AL ",,,Elegant leucophylla. Site now been drained for bulding!,
SARLEU-016S,016,S,,,Sarracenia,leucophylla,,,,,United States,sarracenia.fr,SLE-001 R2,,2022-11,2.9,,,,Green & White form,
SARLEU-017S,017,S,,,Sarracenia,leucophylla,,,Baldwin,Alabama,United States,sarracenia.fr,SLE-001 U2,,2022-11,2.9,"Gas Station Site, Pedido, AL",,,Red & White,
SARLEU-018S,018,S,,,Sarracenia,leucophylla,,leucophylla,Baldwin,Alabama,United States,sarracenia.fr,SLE-001 X ,,2022-11,2.9,"Ctenium Fields, Perdido, AL ",,,Superb leucophylla very bright.,
SARLEU-019S,019,S,,,Sarracenia,leucophylla,,alba,Baldwin,Alabama,United States,sarracenia.fr,SLE-003 G ,,2022-11,5,Hurricane Creek,,,"Hurricane Creek White, HCW",
SARLEU-020S,020,S,,,Sarracenia,leucophylla,,leucophylla,Washington,Alabama,United States,sarracenia.fr,SLE-016 B ,,2022-11,2.9,Deer Park,,,"Large form, red / white pitchers. Very large leucophylla, well colorful.",
SARLEU-021S,021,S,,,Sarracenia,leucophylla,,leucophylla,Mobile,Alabama,United States,sarracenia.fr,SLE-033   ,,2022-11,2.9,"Mobile Co., AL",,,var. leucophylla (Tall Pitchers),
SARLEU-022S,022,S,,,Sarracenia,leucophylla,,leucophylla,Washington,Alabama,United States,sarracenia.fr,SLE-040   ,,2022-11,2.9,Washington Co.,,,var. leucophylla. Large very bright leucophylla.,
SARLEU-023S,023,S,,,Sarracenia,leucophylla,,,Mobile,Alabama,United States,sarracenia.fr,SLE-042   ,,2022-11,2.9,Citronelle AL,,,"Pouty Lip. Sarracenia with ""pouting"" red lips. MK L82",
SARLEU-024S,024,S,,,Sarracenia,leucophylla,,leucophylla,Baldwin,Alabama,United States,sarracenia.fr,SLE-049   ,,2022-11,2.9,"Splinter Hills Bog, Perdido, AL",,,"var. leucophylla. Very colorful plant, white and red.",
SARLEU-025S,025,S,,,Sarracenia,leucophylla,,,,,United States,Angelo Ossino - carnivorandia - Via Como 11 - IT-26010 Priolo Gargallo (SR),336,,2022-12,3.5,,,,"S. leucophylla ""Mary Celeste"" x L40AO",
SARLEU-026S,026,S,,,Sarracenia,leucophylla,,,Okaloosa,Florida,United States,Christian Klein,,,2022-12,2.6,,,,"S. leucophylla, Eglin Reserve, Alabama, Clone A",
SARLEU-027S,027,S,,,Sarracenia,leucophylla,,,Calhoun,Florida,United States,Christian Klein,,,2022-12,2.6,,,,"S. leucophylla, L19 MK, purple & white giant form, Route 71, near Altha, Florida",
SARLEU-028S,028,S,,,Sarracenia,leucophylla,,,Santa Rosa,Florida,United States,Christian Klein,,,2022-12,2.6,,,,"S. leucophylla, Bearlake, Blackwater",
SARLEU-029S,029,S,,,Sarracenia,leucophylla,,,,,United States,Christian Klein,,,2022-12,2.6,,,,"S. leucophylla, covered with white hairs",
SARLEU-030S,030,S,,,Sarracenia,leucophylla,,leucophylla,Walton,Florida,United States,sarracenia.fr,SLE-043,,2022-12,2.9,,,,"SLE-043 5,00 EUR Sarracenia leucophylla var.leucophylla Wilkerson Bog.FL ",
SARLEU-031P,031,P,,,Sarracenia,leucophylla,,,,,United States,Tom Hohlenstein,4,,2023-02,14,,,,very tall grower EEE 2011 ex. Green Jaws,
SARLEU-032P,032,P,,,Sarracenia,leucophylla,,,Sumter,Georgia,United States,Christian Klein,SLE_114,,2023-03,18,,,,"leucophylla, Sumter Co, near Americus, 30-40 cm     18",
SARLEU-033P,033,P,,,Sarracenia,leucophylla,,,Baldwin,Alabama,United States,Christian Klein,SLE_38,,2023-03,22,Perdido,,,leucophylla „Tarnock“     22,https://legacy.carnivorousplants.org/cpn/Species/v22n4p107_108.html
SARMIN-001P,001,P,,,Sarracenia,minor,,okefenokeensis,,,United States,sarracenia.cz,,,2014-06,,,,,,
SARMIN-002P,002,P,,,Sarracenia,minor,,minor,,,United States,GFP - Simon Ehrenmann,,,2020-04,,,,,,
SARMIN-003P,003,P,,,Sarracenia,minor,,okefenokeensis,,,United States,Matthias Keller,,,2020-05,10,,,,,
SARMIN-004S,004,S,,,Sarracenia,minor,,okefenokeensis,,,United States,Pascal Klums,MKM09,,2021-03,8,,,,Sarracenia minor okefenokee copper lids MKM9,
SARMIN-005S,005,S,,,Sarracenia,minor,,okefenokeensis,,,United States,Pascal Klums,,,2021-03,6,,,,Sarracenia minor okefenokee ICPS seeds 1980s,
SARMIN-006S,006,S,,,Sarracenia,minor,,minor,Dorchester,South Carolina,United States,Pascal Klums,,,2021-03,5,,,,Sarracenia minor Dorchester,
SARMIN-007S,007,S,,,Sarracenia,minor,,okefenokeensis,Clinch,Georgia,United States,Christian Klein,MKM16,,2022-12,2.6,,,,"S. minor var. okefenokeensis, MK M16, Giant, North East",
SARMIN-008S,008,S,,,Sarracenia,minor,,okefenokeensis,,,United States,Christian Klein,,,2022-12,2.6,,,,"S. minor var. okefenokeensis, Flamingo",
SARMIN-009S,009,S,,,Sarracenia,minor,,okefenokeensis,,,United States,Christian Klein,,,2022-12,2.6,,,,"S. minor var. okefenokeensis, Red Eyes",
SARMIN-010P,010,P,,,Sarracenia,minor,,okefenokeensis,,,United States,Christian Klein,SMI_29,MKM18,2023-03,30,,,,"minor var. okefenokeenis, ex Alastair Culham, Reading Clone, (MK M 18)",
SARORE-001P,001,P,,,Sarracenia,oreophila,,,,,United States,sarracenia.cz,,,2014-06,,,,,,
SARORE-002P,002,P,,,Sarracenia,oreophila,,,,,United States,GFP - Simon Ehrenmann,,,2020-04,,,,,,
SARORE-003P,003,P,,,Sarracenia,oreophila,,,,,United States,Matthias Keller,,,2020-05,,,,,,
SARORE-004P,004,P,,,Sarracenia,oreophila,,oreophila,Towns,Georgia,United States,Meeting boga ZH - Wallis,,,2021-07,5,,,,,
SARORE-005P,005,P,,,Sarracenia,oreophila,,,,Georgia,United States,Matthias Keller,,,2022-05,0,,,,"""Heavily Veined"", Sand Hill, GA",
SARORE-006S,006,S,,,Sarracenia,oreophila,,oreophila,Cherokee,Alabama,United States,sarracenia.fr,SOR-001 G,,2022-12,2.9,,,,"SOR-001 G Sarracenia oreophila var.oreophila- Centre Al. 1 2,90 EUR 2,90 EUR --> guess MKO08",
SARORE-007S,007,S,,,Sarracenia,oreophila,,oreophila,Cherokee,Alabama,United States,sarracenia.fr,SOR-001 H,,2022-12,2.9,,,,"SOR-001 H Sarracenia oreophila var.oreophila- Cherokee Co. AL 1 2,90 EUR 2,90 EUR",
SARORE-008S,008,S,,,Sarracenia,oreophila,,ornata,De Kalb,Alabama,United States,sarracenia.fr,SOR-006 B,,2022-12,2.9,,inferred,,"SOR-006 B Sarracenia oreophila var.oreophila - Sand Mountain -Al 1 2,90 EUR 2,90 EUR. --> guess: MKO07 --> MW gueess DeKalb",
SARPSI-001P,001,P,,,Sarracenia,psittacina,,psittacina,,,United States,Ruedi Fürst,,,2021-03,,,,,antocyanin free,
SARPSI-002P,002,P,,,Sarracenia,psittacina,,psittacina,Santa Rosa,Florida,United States,Ruedi Fürst,,,2021-03,Yellow River,,inferred,,red,
SARPSI-003P,003,P,,,Sarracenia,psittacina,,psittacina,,Mississippi,United States,Oki,,,2021-06,,,,,wild form,
SARPSI-004S,004,S,,,Sarracenia,psittacina,,okefenokeensis,Liberty,Florida,United States,Christian Klein,,,2022-12,2.6,,,,"S. psittacina var. okefenokeensis, SL 13/1 WS Giant, dark red plant, Liberty Co. Florida",
SARPSI-005S,005,S,,,Sarracenia,psittacina,,okefenokeensis,Bay,Florida,United States,Christian Klein,,,2022-12,2.6,,inferred,,"S. psittacina var. okefenokeensis, giant CK4, Yellow Flower, CK",
SARPSI-006S,006,S,,,Sarracenia,psittacina,,,Mobile,Alabama,United States,Michelle Carolin Förster - MFC Karnivoren,6,,2023-02,5,Citronelle,,,Sarracenia Psittacina near Citronelle x self,
SARPSI-007P,007,P,,,Sarracenia,psittacina,,okefenokeensis,,,,Christian Klein,SPS_20,,2023-03,29,,,,"psittacina var. okefenokeensis, Clone 1     29",
SARPUR-001P,001,P,,,Sarracenia,purpurea,venosa,,,,United States,sarracenia.cz,,,2014-06,,,,,,
SARPUR-002P,002,P,,,Sarracenia,purpurea,purpurea,,,,,GFP - Simon Ehrenmann,,,2020-04,,,,,,
SARPUR-003S,003,S,,,Sarracenia,purpurea,venosa,,,,United States,Bot. Garten Basel,,,2020-09,0,,,,,
SARPUR-004S,004,S,,,Sarracenia,purpurea,venosa,,,,United States,Bot. Garten Basel,,,2020-09,0,,,,,
SARPUR-005S,005,S,,,Sarracenia,purpurea,venosa,,,,United States,Bot. Garten Basel,,,2020-09,0,,,,,
SARPUR-006P,006,P,,,Sarracenia,purpurea,venosa,minor black,Catawba,North Carolina,United States,Oki ex. Thomas Carow,,,2021-06,0,,inferred,,"Sarracenia purpurea ssp. venosa ""minor black""",https://www.gbif.org/occurrence/1424784936
SARPUR-007P,007,P,,,Sarracenia,purpurea,purpurea,,Meilen,Zürich,Switzerland,Matthias Keller,,,2022-05,,,,,"Rüti, Giant",
SARPUR-008P,008,P,,,Sarracenia,purpurea,purpurea,,Riviera_Pays-d'Enhaut,Vaud,Switzerland,NA,,,2022-06,,,,,Les Tenasses,
SARPUR-009S,009,S,,,Sarracenia,purpurea,purpurea,,Bruce,Ontario,Canada,dc.carnivores/aldebardan - Danilo Cazzaniga,140,,2022-11,3,,,,PURPS S. purp. “Bruce Co” x Self,
SARPUR-010S,010,S,,,Sarracenia,purpurea,purpurea,,Grey,Ontario,Canada,Christian Klein,,,2022-12,2.6,,,,"S. purpurea ssp. purpurea, Moss Lake ",
SARPUR-011S,011,S,,,Sarracenia,purpurea,purpurea,,Grey,Ontario,Canada,Christian Klein,,,2022-12,2.6,,,,"S. purpurea ssp. purpurea, veinless form, Moss Lake, Grey Co., ON Co.",
SARPUR-012S,012,S,,,Sarracenia,purpurea,venosa,,Tattnall,Georgia,United States,Christian Klein,,,2022-12,2.6,,,,"S. purpurea ssp. venosa, Clone A x B cross pollinated, Tatnall, Georgia Co",
SARPUR-013S,013,S,,,Sarracenia,purpurea,venosa,,New Hanover,North Carolina,United States,Christian Klein,,,2022-12,2.6,,,,"S. purpurea ssp. venosa, New Hannover",
SARPUR-014S,014,S,,,Sarracenia,purpurea,venosa,,Brunswick,North Carolina,United States,Christian Klein,,,2022-12,2.6,,,,"S. purpurea ssp. venosa, „All Red"" North of Supply (Green Swamp), North of Supply N.C.  --> Brunswick",
SARPUR-015S,015,S,,,Sarracenia,purpurea,venosa,,Columbus,North Carolina,United States,Christian Klein,,,2022-12,2.6,,,,"S. purpurea ssp. venosa, Near Old Dock, Columbus Co",
SARPUR-016S,016,S,,,Sarracenia,purpurea,venosa,,Caroline,Virginia,United States,Christian Klein,,,2022-12,2.6,,,,"S. purpurea ssp. venosa, Reedy Creek, Caroline Co., Virg.",
SARPUR-017S,017,S,,,Sarracenia,purpurea,purpurea,,,British Columbia,Canada,Michelle Carolin Förster - MFC Karnivoren,5,,2023-02,2.5,Fort Nelson,,,S. purpurea 'Fort Nelson' x self,
SARPUR-018P,018,P,,,Sarracenia,purpurea,venosa,montana,Transylvania,Georgia,United States,Christian Klein,SPU_28,,2023-03,22,,,,purpurea ssp. venosa var. montana Transylvania Co     22,
SARPUR-019P,019,P,,,Sarracenia,purpurea,venosa,montana,Rabun,Georgia,United States,Christian Klein,SPU_30,,2023-03,20,,,,"purpurea ssp. venosa var. montana, Oakey Mt, Rabun Co., Georgia,",
SARROS-001P,001,P,,,Sarracenia,rosea,,,,,United States,Oki,,,2021-06,,,,,,
SARROS-002S,002,S,,,Sarracenia,rosea,,,Calhoun,Florida,United States,Christian Klein,,,2022-12,2.6,,,,"S. purpurea ssp. venosa var. burkei, Chipola Giant ",
SARROS-003S,003,S,,,Sarracenia,rosea,,,Liberty,Florida,United States,Christian Klein,,,2022-12,2.6,,,,"S. purpurea ssp. venosa var. burkei f. luteola, Liberty Co., Florida",
SARRUB-001P,001,P,,,Sarracenia,rubra,,,,,United States,sarracenia.cz,,,2014-06,,,,,,
SARRUB-002P,002,P,,,Sarracenia,rubra,gulfensis,,,,United States,GFP - Simon Ehrenmann,,,2020-04,,,,,,
SARRUB-003P,003,P,,,Sarracenia,rubra,wherryi,,Washington,Alabama,United States,Matthias Keller,MKRW6,,2020-05,,,inferred,,"giant chatom, AL ",
SARRUB-004P,004,P,,,Sarracenia,rubra,alabamensis,,Autauga,Alabama,United States,Matthias Keller,,,2022-05,,,inferred,,"red form, county guessed",
SARRUB-005P,005,P,,,Sarracenia,rubra,jonesii,,Greenville,South Carolina,United States,Matthias Keller,,,2022-05,Caesar´s Head,,inferred,,"dark red form, cersars head",
SARRUB-006P,006,P,,,Sarracenia,rubra,rubra,,Crawford,Georgia,United States,Christian Klein,SRU_27,,2023-03,16,,,,"rubra ssp. rubra „Ancestral Form“, Crawford Co., PW RR 01“     1",
SARXHY-001P,001,P,,,Sarracenia,xhybrid,,,,,,sarracenia.cz,,,2014-06,,,,,x flava x (flava x oreophila) or only flava?,
SARXHY-002P,002,P,,,Sarracenia,xhybrid,,,,,,sarracenia.cz,,,2014-06,,,,,x leucophylla x (leucophylla x oreophila) ,
SARXHY-003P,003,P,,,Sarracenia,xhybrid,,,,,,sarracenia.cz,,,2014-06,,,,,x purpurea (purpurea x leucophylla)?,
SARXHY-004S,004,S,,,Sarracenia,xhybrid,,,,,,eBay - westcornwallcarnivores,,,2020-04,3.5,,,,flava Wakulla Red Lip F190 J Janssen x (Wilkerson Bus x WWK),
SARXHY-005S,005,S,,,Sarracenia,xhybrid,,,,,,eBay - westcornwallcarnivores,,,2020-04,3.5,,,,leucophylla L39a Mobile Co. 100cm pitchers J Janssen x Troll,
SARXHY-006S,006,S,,,Sarracenia,xhybrid,,,,,,eBay - westcornwallcarnivores,,,2020-04,3.5,,,,leucophylla L48BMK x Troll,
SARXHY-007S,007,S,,,Sarracenia,xhybrid,,,,,,eBay - westcornwallcarnivores,,,2020-04,3.5,,,,oreophila Heavy Vein x SX65a,
SARXHY-008P,008,P,,,Sarracenia,xhybrid,,,,,,Matthias Keller,,,2020-05,,,,,x farnhamii (= rubra x leucophylla),
SARXHY-009P,009,P,,,Sarracenia,xhybrid,,,,,,Matthias Keller,,,2020-05,,,,,x morrei (= flava x leucophylla),
SARXHY-010P,010,P,,,Sarracenia,xhybrid,,,,,,Matthias Keller,,,2020-05,,,,,x swaniana (= minor x purpurea),
SARXHY-011P,011,P,,,Sarracenia,xhybrid,,,,,,Matthias Keller,,,2020-05,,,,,x wrigleyana (= psittacina x leucophylla),
SARXHY-012S,012,S,,,Sarracenia,xhybrid,,,,,,Isole di Brissago,,,2020-09,0,,,,,
SARXHY-013S,013,S,,,Sarracenia,xhybrid,,,,,,Stefano Tognon - ice00,X10-20,,2020-12,2,,,,"Very large, Norman Parker MK H92 x self",
SARXHY-014S,014,S,,,Sarracenia,xhybrid,,,,,,Stefano Tognon - ice00,X136-19,,2020-12,0.7,,,,"leucophylla viridescens x (leuco X rubra gulf. luteoviridis), (L46 X H9, high chance of antho-free plantlets) [H32/2012 AltairW] x self",
SARXHY-015S,015,S,,,Sarracenia,xhybrid,,,,,,Stefano Tognon - ice00,X145-19,,2020-12,0.7,,,,"x moorei ‘Marston Clone’ x melanorhoda – 2006 seed -[H11]  x   leucophylla ""giant""",
SARXHY-016S,016,S,,,Sarracenia,xhybrid,,,,,,Stefano Tognon - ice00,X170-20,,2020-12,2,,,,x excellens x leucophylla MK H36 [H64] x self,
SARXHY-017S,017,S,,,Sarracenia,xhybrid,,,,,,Stefano Tognon - ice00,X2-20,,2020-12,1.8,,,,"alata – Red throat – Perry Country, Alabama x flava var. ruggelli – Clone 7,large flat lid – Milton, Florida – A9 x F56 [SH451-Tricky Utrici] x cuprea x alata Black Tube HF03 AltairW",
SARXHY-018S,018,S,,,Sarracenia,xhybrid,,,,,,Stefano Tognon - ice00,X3-18,,2020-12,0.7,,,,,
SARXHY-019S,019,S,,,Sarracenia,xhybrid,,,,,,Stefano Tognon - ice00,X3-20,,2020-12,1.5,,,,cuprea x alata Black Tube HF03 AltairW x self,
SARXHY-020S,020,S,,,Sarracenia,xhybrid,,,,,,Stefano Tognon - ice00,X57-19,,2020-12,0.7,,,,"alata var cuprea Texas , tall, Copper Lid and upper tube x  flava var.  rugelii F52 MK, Milton,FL Clone 5, (W) (by Er Biconzo) ",
SARXHY-021S,021,S,,,Sarracenia,xhybrid,,,,,,Christian List,,,2021-01,0,,,,Sarracenia Samenmix,
SARXHY-022S,022,S,,,Sarracenia,xhybrid,,,,,,Michiels Ewoud,,,2021-01,1.6,,,,"flava var. rubricorpora x (alata red x rubricorpora), very intense red tubes, yellow lid x selfed",
SARXHY-023S,023,S,,,Sarracenia,xhybrid,,,,,,Michiels Ewoud,,,2021-01,1.6,,,,flava var. atropurpurea x open,
SARXHY-024S,024,S,,,Sarracenia,xhybrid,,,,,,Michiels Ewoud,,,2021-01,1.6,,,,flava var. flava x open,
SARXHY-025S,025,S,,,Sarracenia,xhybrid,,,,,,Michiels Ewoud,,,2021-01,1.6,,,,leucophylla (MK L13) x open,
SARXHY-026S,026,S,,,Sarracenia,xhybrid,,,,,,Michiels Ewoud,,,2021-01,1.6,,,,leucophylla x open,
SARXHY-027S,027,S,,,Sarracenia,xhybrid,,,,,,Michiels Ewoud,,,2021-01,1.6,,,,leucophylla (SL61 C. Azais)(MK L111) x open (?),
SARXHY-028S,028,S,,,Sarracenia,xhybrid,,,,,,Michiels Ewoud,,,2021-01,1.6,,,,oreophila x S. leucophylla (MK L37),
SARXHY-029S,029,S,,,Sarracenia,xhybrid,,,,,,Michiels Ewoud,,,2021-01,1.6,,,,(leucophylla x oreophila) x open,
SARXHY-030S,030,S,,,Sarracenia,xhybrid,,,,,,Michiels Ewoud,,,2021-01,1.6,,,,"'Leah Wilkerson' x S. x moorei ""Elizabeth""",
SARXHY-031S,031,S,,,Sarracenia,xhybrid,,,,,,Michiels Ewoud,,,2021-01,1.6,,,,x moorei (MK H42) x open,
SARXHY-032S,032,S,,,Sarracenia,xhybrid,,,,,,Michiels Ewoud,,,2021-01,1.6,,,,"x moorei ""Elizabeth"" x S. 'Lynda Butt'",
SARXHY-033S,033,S,,,Sarracenia,xhybrid,,,,,,Michiels Ewoud,,,2021-01,1.6,,,,x moorei “Black & White” x selfed,
SARXHY-034S,034,S,,,Sarracenia,xhybrid,,,,,,Michiels Ewoud,,,2021-01,1.6,,,,'Leah Wilkerson' x selfed,
SARXHY-035S,035,S,,,Sarracenia,xhybrid,,,,,,Michiels Ewoud,,,2021-01,1.6,,,,"flava var. ornata x S. x moorei ""Black & White""",
SARXHY-036S,036,S,,,Sarracenia,xhybrid,,,,,,Michiels Ewoud,,,2021-01,1.6,,,,'Lynda Butt' x selfed,
SARXHY-037S,037,S,,,Sarracenia,xhybrid,,,,,,Michiels Ewoud,,,2021-01,1.6,,,,"'Leah Wilkerson' x S. flava ""Goldie""",
SARXHY-038S,038,S,,,Sarracenia,xhybrid,,,,,,Michiels Ewoud,,,2021-01,1.6,,,,'Leah Wilkerson' x S. leucophylla var. alba,
SARXHY-039S,039,S,,,Sarracenia,xhybrid,,,,,,Michiels Ewoud,,,2021-01,1.6,,,,"flava ""Goldie"" x S. 'Leah Wilkerson'",
SARXHY-040S,040,S,,,Sarracenia,xhybrid,,,,,,Michiels Ewoud,,,2021-01,1.6,,,,"x moorei ""WWK"" x S. leucophylla ""Bonbon""",
SARXHY-041S,041,S,,,Sarracenia,xhybrid,,,,,,Michiels Ewoud,,,2021-01,1.6,,,,"“Helmut’s delight” x S. ('Leah Wilkerson' x ""Helmut's Delight"")",
SARXHY-042S,042,S,,,Sarracenia,xhybrid,,,,,,Michiels Ewoud,,,2021-01,1.6,,,,"x moorei ""Helen Mary"" x selfed",
SARXHY-043S,043,S,,,Sarracenia,xhybrid,,,,,,Michiels Ewoud,,,2021-01,1.6,,,,"x moorei ""Elizabeth"" x selfed",
SARXHY-044S,044,S,,,Sarracenia,xhybrid,,,,,,Michiels Ewoud,,,2021-01,1.6,,,,"x moorei ""WWK"" x S. ‘Lynda Butt’",
SARXHY-045S,045,S,,,Sarracenia,xhybrid,,,,,,Michiels Ewoud,,,2021-01,1.6,,,,"x moorei ""WWK"" x selfed",
SARXHY-046S,046,S,,,Sarracenia,xhybrid,,,,,,Michiels Ewoud,,,2021-01,1.6,,,,‘Silvia Luise’ x S. 'Leah Wilkerson',
SARXHY-047S,047,S,,,Sarracenia,xhybrid,,,,,,Michiels Ewoud,,,2021-01,1.6,,,,‘Silvia Luise’ x selfed,
SARXHY-048P,048,P,,,Sarracenia,xhybrid,,,,,,Meeting boga ZH - Wallis,,,2021-07,5,,,,"minor var. okefenokeensis, Okefenokee Giant x flava var. rugelii - Giant robust clone MKF18",
SARXHY-049P,049,P,,,Sarracenia,xhybrid,,,,,,Meeting boga ZH - Wallis,,,2021-07,5,,,,MKA46 x MKF32,
SARXHY-050P,050,P,,,Sarracenia,xhybrid,,,,,,Meeting boga ZH - Wallis,,,2021-07,5,,,,flava var. atropurpurea Black Water x flava all red SH134,
SARXHY-051P,051,P,,,Sarracenia,xhybrid,,,,,,Matthias Keller,MK H7,,2022-05,0,,,,"cv. ""Brooks Hybrid""",
SARXHY-052P,052,P,,,Sarracenia,xhybrid,,,,,,Matthias Keller,,,2022-05,0,,,,Sarracenia x catesbatei - S. flava cuprea Santee Coastal reserve x purpurea venosa burkii (rosea),
SARXHY-053P,053,P,,,Sarracenia,xhybrid,,,,,,Matthias Keller,,,2022-05,0,,,,"cv. ""Smurf""",
SARXHY-054S,054,S,,,Sarracenia,xhybrid,,,,,,dc.carnivores/aldebardan - Danilo Cazzaniga,59,,2022-11,9,,,,BLACK/REDS flava ornata Black veins own select #1 x “Roy Cheek”,
SARXHY-055S,055,S,,,Sarracenia,xhybrid,,,,,,dc.carnivores/aldebardan - Danilo Cazzaniga,72,,2022-11,6,,,,"WHITE/PINK S. x ""White Slack"" x leuco. ""Hurricane Creek White"" #F",
SARXHY-056S,056,S,,,Sarracenia,xhybrid,,,,,,dc.carnivores/aldebardan - Danilo Cazzaniga,89,,2022-11,7,,,,GIANT S. (Leah Wilkerson x Pinkish Top) x ‘Saurus’,
SARXHY-057S,057,S,,,Sarracenia,xhybrid,,,,,,dc.carnivores/aldebardan - Danilo Cazzaniga,97,,2022-11,12,,,,WHITE/PINK S. leuco. “Pink Spirit” x ‘Ellie Wang’ ,
SARXHY-058S,058,S,,,Sarracenia,xhybrid,,,,,,dc.carnivores/aldebardan - Danilo Cazzaniga,122,,2022-11,8,,,,HYBRIDS S. areolata “October Hope” x “Roy Cheek”,
SARXHY-059S,059,S,,,Sarracenia,xhybrid,,,,,,dc.carnivores/aldebardan - Danilo Cazzaniga,125,,2022-11,9,,,,HYBRIDS S. areolata “Supercolor” x areolata “Pink devil”,
SARXHY-060S,060,S,,,Sarracenia,xhybrid,,,,,,dc.carnivores/aldebardan - Danilo Cazzaniga,130,,2022-11,8,,,,HYBRIDS S. x moorei ‘Leah Wilkerson’  x “Roy Cheek”,
SARXHY-061S,061,S,,,Sarracenia,xhybrid,,,,,,dc.carnivores/aldebardan - Danilo Cazzaniga,133,,2022-11,8,,,,HYBRIDS S. x “Fucsia” x ‘Ellie Wang’,
SARXHY-062S,062,S,,,Sarracenia,xhybrid,,,,,,dc.carnivores/aldebardan - Danilo Cazzaniga,147,,2022-11,8,,,,PURPS S. “Peaches and Cream” x “Roy Cheek”,
SARXHY-063S,063,S,,,Sarracenia,xhybrid,,,,,,Angelo Ossino - carnivorandia - Via Como 11 - IT-26010 Priolo Gargallo (SR),301,,2022-12,3.5,,,,"H001AO x L48Ao - x S. leucophylla ""Ghost in the Shell""",
SARXHY-064S,064,S,,,Sarracenia,xhybrid,,,,,,Angelo Ossino - carnivorandia - Via Como 11 - IT-26010 Priolo Gargallo (SR),304,,2022-12,3.5,,,,H96MK x L15AO,
SARXHY-065S,065,S,,,Sarracenia,xhybrid,,,,,,Angelo Ossino - carnivorandia - Via Como 11 - IT-26010 Priolo Gargallo (SR),305,,2022-12,3.5,,,,"A16MK - x L021AO - x S. ""Antivenom""",
SARXHY-066S,066,S,,,Sarracenia,xhybrid,,,,,,Angelo Ossino - carnivorandia - Via Como 11 - IT-26010 Priolo Gargallo (SR),314,,2022-12,3.5,,,,A59MK x L09AO,
SARXHY-067S,067,S,,,Sarracenia,xhybrid,,,,,,Angelo Ossino - carnivorandia - Via Como 11 - IT-26010 Priolo Gargallo (SR),316,,2022-12,3.5,,,,"A60MK x H84bAO - x S. x ""Virgo""",
SARXHY-068S,068,S,,,Sarracenia,xhybrid,,,,,,Angelo Ossino - carnivorandia - Via Como 11 - IT-26010 Priolo Gargallo (SR),318,,2022-12,3.5,,,,"A60MK x S. x ""Adrian Slack""",
SARXHY-069S,069,S,,,Sarracenia,xhybrid,,,,,,Angelo Ossino - carnivorandia - Via Como 11 - IT-26010 Priolo Gargallo (SR),319,,2022-12,3.5,,,,"A46MK x H85AO - x S. x ""Mahakala""",
SARXHY-070S,070,S,,,Sarracenia,xhybrid,,,,,,Angelo Ossino - carnivorandia - Via Como 11 - IT-26010 Priolo Gargallo (SR),320,,2022-12,3.5,,,,"(L11AO x A16MK) #4 x F39aAO - x S. ""Heimdallr""",
SARXHY-071S,071,S,,,Sarracenia,xhybrid,,,,,,Angelo Ossino - carnivorandia - Via Como 11 - IT-26010 Priolo Gargallo (SR),321,,2022-12,3.5,,,,A46MK x H34MK,
SARXHY-072S,072,S,,,Sarracenia,xhybrid,,,,,,Angelo Ossino - carnivorandia - Via Como 11 - IT-26010 Priolo Gargallo (SR),324,,2022-12,3.5,,,,"A28Mk x F39aAO - x S. ""Heimdallr""",
SARXHY-073S,073,S,,,Sarracenia,xhybrid,,,,,,Angelo Ossino - carnivorandia - Via Como 11 - IT-26010 Priolo Gargallo (SR),326,,2022-12,3.5,,,,H23AO x H01AO,
SARXHY-074S,074,S,,,Sarracenia,xhybrid,,,,,,Angelo Ossino - carnivorandia - Via Como 11 - IT-26010 Priolo Gargallo (SR),329,,2022-12,3.5,,,,"F39aAO x S. x ""Adrian Slack"" - S. ""Heimdallr"" x",
SARXHY-075S,075,S,,,Sarracenia,xhybrid,,,,,,Angelo Ossino - carnivorandia - Via Como 11 - IT-26010 Priolo Gargallo (SR),344,,2022-12,3.5,,,,H55AO x H23AO,
SARXHY-076S,076,S,,,Sarracenia,xhybrid,,,,,,Angelo Ossino - carnivorandia - Via Como 11 - IT-26010 Priolo Gargallo (SR),347,,2022-12,3.5,,,,"H01AO x S. x ""Adrian Slack""",
SARXHY-077S,077,S,,,Sarracenia,xhybrid,,,,,,Angelo Ossino - carnivorandia - Via Como 11 - IT-26010 Priolo Gargallo (SR),353,,2022-12,3.5,,,,"F88MK x S. x ""Rainbow""",
SARXHY-078S,078,S,,,Sarracenia,xhybrid,,,,,,Angelo Ossino - carnivorandia - Via Como 11 - IT-26010 Priolo Gargallo (SR),354,,2022-12,3.5,,,,F15AO x L09AO,
SARXHY-079S,079,S,,,Sarracenia,xhybrid,,,,,,Angelo Ossino - carnivorandia - Via Como 11 - IT-26010 Priolo Gargallo (SR),355,,2022-12,3.5,,,,L14AO x F88MK,
SARXHY-080S,080,S,,,Sarracenia,xhybrid,,,,,,Angelo Ossino - carnivorandia - Via Como 11 - IT-26010 Priolo Gargallo (SR),358,,2022-12,3.5,,,,H16AO x A28MK,
SARXHY-081S,081,S,,,Sarracenia,xhybrid,,,,,,Angelo Ossino - carnivorandia - Via Como 11 - IT-26010 Priolo Gargallo (SR),368,,2022-12,3.5,,,,H12AO x H23AO,
SARXHY-082S,082,S,,,Sarracenia,xhybrid,,,,,,Angelo Ossino - carnivorandia - Via Como 11 - IT-26010 Priolo Gargallo (SR),371,,2022-12,3.5,,,,H22AO x A60MK,
SARXHY-083S,083,S,,,Sarracenia,xhybrid,,,,,,Angelo Ossino - carnivorandia - Via Como 11 - IT-26010 Priolo Gargallo (SR),372,,2022-12,3.5,,,,H22AO x H23AO,
SARXHY-084S,084,S,,,Sarracenia,xhybrid,,,,,,Angelo Ossino - carnivorandia - Via Como 11 - IT-26010 Priolo Gargallo (SR),374,,2022-12,3.5,,,,"H22AO x S. x ""Adrian Slack""",
SARXHY-085S,085,S,,,Sarracenia,xhybrid,,,,,,Angelo Ossino - carnivorandia - Via Como 11 - IT-26010 Priolo Gargallo (SR),377,,2022-12,3.5,,,,L37AO x A60MK,
SARXHY-086S,086,S,,,Sarracenia,xhybrid,,,,,,Angelo Ossino - carnivorandia - Via Como 11 - IT-26010 Priolo Gargallo (SR),380,,2022-12,3.5,,,,"H23AO x S. x ""Adrian Slack""",
SARXHY-087S,087,S,,,Sarracenia,xhybrid,,,,,,Angelo Ossino - carnivorandia - Via Como 11 - IT-26010 Priolo Gargallo (SR),385,,2022-12,3.5,,,,A60MK x L09AO,
SARXHY-088S,088,S,,,Sarracenia,xhybrid,,,,,,Angelo Ossino - carnivorandia - Via Como 11 - IT-26010 Priolo Gargallo (SR),399,,2022-12,3.5,,,,"H109MK x H85AO - x S. x ""Mahakala""",
SARXHY-089S,089,S,,,Sarracenia,xhybrid,,,,,,Angelo Ossino - carnivorandia - Via Como 11 - IT-26010 Priolo Gargallo (SR),500,,2022-12,6,,,,"L015AO x H84aAO - x S. x ""Andromeda""",
SARXHY-090S,090,S,,,Sarracenia,xhybrid,,,,,,Angelo Ossino - carnivorandia - Via Como 11 - IT-26010 Priolo Gargallo (SR),502,,2022-12,6,,,,"H22AO x H318MK - x S. x moorei ""The Beast""",
SARXHY-091S,091,S,,,Sarracenia,xhybrid,,,,,,Angelo Ossino - carnivorandia - Via Como 11 - IT-26010 Priolo Gargallo (SR),503,,2022-12,6,,,,"L18MK x H23AO - x S. x ""October Hope""",
SARXHY-092S,092,S,,,Sarracenia,xhybrid,,,,,,Angelo Ossino - carnivorandia - Via Como 11 - IT-26010 Priolo Gargallo (SR),506,,2022-12,6,,,,L48AO x L12AO,
SARXHY-093S,093,S,,,Sarracenia,xhybrid,,,,,,Angelo Ossino - carnivorandia - Via Como 11 - IT-26010 Priolo Gargallo (SR),508,,2022-12,6,,,,"F32AO x S. x ""Adrian Slack""",
SARXHY-094S,094,S,,,Sarracenia,xhybrid,,,,,,Angelo Ossino - carnivorandia - Via Como 11 - IT-26010 Priolo Gargallo (SR),518,,2022-12,6,,,,"H23AO x S. x ""Nemesi""",
SARXHY-095S,095,S,,,Sarracenia,xhybrid,,,,,,Angelo Ossino - carnivorandia - Via Como 11 - IT-26010 Priolo Gargallo (SR),521,,2022-12,6,,,,"L52AO x H93aAO - S. x leucophylla ""Typhoon Tip"" x S. ""Narsil""",
SARXHY-096S,096,S,,,Sarracenia,xhybrid,,,,,,Angelo Ossino - carnivorandia - Via Como 11 - IT-26010 Priolo Gargallo (SR),533,,2022-12,6,,,,"L51AO x H93aAO - S. leucophylla ""Bloody Soul"" x S. x ""Narsil""",
SARXHY-097S,097,S,,,Sarracenia,xhybrid,,,,,,Angelo Ossino - carnivorandia - Via Como 11 - IT-26010 Priolo Gargallo (SR),535,,2022-12,6,,,,"H012AO x H84aAO - x S. ""Andromeda""",
SARXHY-098S,098,S,,,Sarracenia,xhybrid,,,,,,Angelo Ossino - carnivorandia - Via Como 11 - IT-26010 Priolo Gargallo (SR),548,,2022-12,6,,,,"A28MK x S. x ""Adrian Slack""",
SARXHY-099S,099,S,,,Sarracenia,xhybrid,,,,,,Angelo Ossino - carnivorandia - Via Como 11 - IT-26010 Priolo Gargallo (SR),564,,2022-12,6,,,,"L23MK x H85AO - x S. x ""Mahakala""",
SARXHY-100S,100,S,,,Sarracenia,xhybrid,,,,,,Angelo Ossino - carnivorandia - Via Como 11 - IT-26010 Priolo Gargallo (SR),600,,2022-12,20,,,,"H85AO x self - S. x ""Mahakala""",
SARXHY-101S,101,S,,,Sarracenia,xhybrid,,,,,,Angelo Ossino - carnivorandia - Via Como 11 - IT-26010 Priolo Gargallo (SR),601,,2022-12,20,,,,"H113MK x H85Ao - S. x ""Adrian Slack"" x  S. x ""Mahakala""",
SARXHY-102S,102,S,,,Sarracenia,xhybrid,,,,,,SSC2223 - Thomas Niederhofer - Jägerwirth 46 - DE-94081 Füstenzell,DE1,,2022-12,0,,,,"S. ((leucophylla x flava var. ornata) x ""Adrian Slack"") ""T"" x ""Inspiration"" --> [sister of ""Inspiration"" x ""Inspiration""]",
SARXHY-103S,103,S,,,Sarracenia,xhybrid,,,,,,SSC2223 - Thomas Niederhofer - Jägerwirth 46 - DE-94081 Füstenzell,DE2,,2022-12,0,,,,"S. ((leucophylla x flava var. ornata) x ""Adrian Slack"") ""T"" x ((leucophylla x oreophylla) x ""D"" x ""Inspiration"") --> [sister of ""Inspiration"" x sister of ""Bloody Punch""]",
SARXHY-104S,104,S,,,Sarracenia,xhybrid,,,,,,SSC2223 - Thomas Niederhofer - Jägerwirth 46 - DE-94081 Füstenzell,DE3,,2022-12,0,,,,"S. ""Rudolf II"" x (""Premysl Otakar I."" x purp. ven. montana) ""C""",
SARXHY-105S,105,S,,,Sarracenia,xhybrid,,,,,,SSC2223 - Thomas Niederhofer - Jägerwirth 46 - DE-94081 Füstenzell,DE4,,2022-12,0,,,,"S. (flava var. ornata x oreophila) ""A"" x ((flava var. ornata x oreophila) x purp. ven. montanta) ""C“)",
SARXHY-106S,106,S,,,Sarracenia,xhybrid,,,,,,SSC2223 - Thomas Niederhofer - Jägerwirth 46 - DE-94081 Füstenzell,DE5,,2022-12,0,,,,"S. (leucophylla L22D x (flava var. ornata x psittacina)) ""2"" x ((leucophylla x oreophylla) x leucophylla L30A)",
SARXHY-107S,107,S,,,Sarracenia,xhybrid,,,,,,SSC2223 - Thomas Niederhofer - Jägerwirth 46 - DE-94081 Füstenzell,DE6,,2022-12,0,,,,"S. (leucophylla L22D x (flava var. ornata x psittacina)) ""1"" x ((leucophylla x oreophylla) x leucophylla L30A)",
SARXHY-108S,108,S,,,Sarracenia,xhybrid,,,,,,SSC2223 - Thomas Niederhofer - Jägerwirth 46 - DE-94081 Füstenzell,DE7,,2022-12,0,,,,"S. areolata SX149 CA x ""Adrian Slack""",
SARXHY-109S,109,S,,,Sarracenia,xhybrid,,,,,,jan.sion.habrman@gmail.com,1,,2023-01,1,,,giant,H112 S. x moorei `Leah Wilkerson’XS. Leucophylla MK L142A/ L30A Srba,
SARXHY-110S,110,S,,,Sarracenia,xhybrid,,,,,,jan.sion.habrman@gmail.com,2,,2023-01,1,,,giant,"S. (S. Leah Wilkerson x S. Flava ""Goldie"")XS. Leucophylla MK L142A/ L30A Srba",
SARXHY-111S,111,S,,,Sarracenia,xhybrid,,,,,,jan.sion.habrman@gmail.com,3,,2023-01,1,,,giant,S. Leucophylla MK L142A/ L30A SrbaXH112 S. x moorei `Leah Wilkerson’,
SARXHY-112S,112,S,,,Sarracenia,xhybrid,,,,,,jan.sion.habrman@gmail.com,4,,2023-01,1,,,giant,H393 MK Sarracenia x Leviathan XS. Leucophylla L30D MS,
SARXHY-113S,113,S,,,Sarracenia,xhybrid,,,,,,jan.sion.habrman@gmail.com,5,,2023-01,1,,,giant,S. Leucophylla L30D MSXH393 MK Sarracenia x Leviathan,
SARXHY-114S,114,S,,,Sarracenia,xhybrid,,,,,,jan.sion.habrman@gmail.com,6,,2023-01,1,,,giant,H7 S. x moorei ´Brooks´ Hybrid´ XS. Leucophylla MK L142A/ L30A Srba,
SARXHY-115S,115,S,,,Sarracenia,xhybrid,,,,,,jan.sion.habrman@gmail.com,7,,2023-01,1,,,giant,H224 S. x ´John David King´ XS. Leucophylla MK L142A/ L30A Srba,
SARXHY-116S,116,S,,,Sarracenia,xhybrid,,,,,,jan.sion.habrman@gmail.com,8,,2023-01,1,,,giant,S. ('Leah Wilkerson' x 'Adrian Slack') klon G SrbaXH224 S. x ´John David King´,
SARXHY-117S,117,S,,,Sarracenia,xhybrid,,,,,,jan.sion.habrman@gmail.com,9,,2023-01,1,,,giant,Leucophylla GiantXH113 S. x moorei `Adrian Slack’,
SARXHY-118S,118,S,,,Sarracenia,xhybrid,,,,,,jan.sion.habrman@gmail.com,10,,2023-01,1,,,giant,H211 S. x moorei ‘Wilkerson White Knight’XS. Leucophylla MK L142A/ L30A Srba,
SARXHY-119S,119,S,,,Sarracenia,xhybrid,,,,,,jan.sion.habrman@gmail.com,11,,2023-01,1,,,red leuco-like constant growing,S. ('Přemysl Otakar I.' x Adrian Slack) klon A X S. Leucophylla - L1A Sarzi (Red Leuco),
SARXHY-120S,120,S,,,Sarracenia,xhybrid,,,,,,jan.sion.habrman@gmail.com,12,,2023-01,1,,,red leuco-like constant growing,"S. x ""Katerina""XS. 'Přemysl Otakar I.' x 'Adrian Slack' klon B (3) Srba",
SARXHY-121S,121,S,,,Sarracenia,xhybrid,,,,,,jan.sion.habrman@gmail.com,13,,2023-01,1,,,red leuco-like constant growing,S. Leucophylla - L1A Sarzi (Red Leuco)X S. 'Přemysl Otakar I.' x 'Adrian Slack' klon B (3) Srba,
SARXHY-122S,122,S,,,Sarracenia,xhybrid,,,,,,jan.sion.habrman@gmail.com,14,,2023-01,1,,,red leuco-like constant growing,S. x areolata x leucophylla H79 Yuri SarziX S. 'Přemysl Otakar I.' x 'Adrian Slack' klon B (3) Srba,
SARXHY-123S,123,S,,,Sarracenia,xhybrid,,,,,,jan.sion.habrman@gmail.com,15,,2023-01,1,,,red leuco-like constant growing,H109 Sarracenia x `Dana’s Delight’ XS. 'Přemysl Otakar I.' x 'Adrian Slack' klon B (3) Srba,
SARXHY-124S,124,S,,,Sarracenia,xhybrid,,,,,,jan.sion.habrman@gmail.com,16,,2023-01,1,,,red leuco-like constant growing,"H13 GC S.X "" AREOLATA "" BLACK SELECTION X S. 'Přemysl Otakar I.' x 'Adrian Slack' klon B (3) Srba",
SARXHY-125S,125,S,,,Sarracenia,xhybrid,,,,,,jan.sion.habrman@gmail.com,17,,2023-01,1,,,red leuco-like constant growing,"S. 'Přemysl Otakar I.' x 'Adrian Slack' klon B (3) SrbaX H13 GC S.X "" AREOLATA "" BLACK SELECTION",
SARXHY-126S,126,S,,,Sarracenia,xhybrid,,,,,,jan.sion.habrman@gmail.com,18,,2023-01,1,,,Dark Red (Flava x Alata) constant growing crosses,S. Flava var. Atropurpurea F130E MSXS. x Black Widow,
SARXHY-127S,127,S,,,Sarracenia,xhybrid,,,,,,jan.sion.habrman@gmail.com,19,,2023-01,1,,,Dark Red (Flava x Alata) constant growing crosses,S. Alata var. Nigropurpurea 'Night'XS. Flava var. Atropurpurea F130E MS,
SARXHY-128S,128,S,,,Sarracenia,xhybrid,,,,,,jan.sion.habrman@gmail.com,20,,2023-01,1,,,Dark Red (Flava x Alata) constant growing crosses,S. Flava var. Atropurpurea F196C MSXS. x Black Widow,
SARXHY-129S,129,S,,,Sarracenia,xhybrid,,,,,,jan.sion.habrman@gmail.com,21,,2023-01,1,,,intstng moorei,H10 S. x ´Lynda Butt´ XS. Leucophylla - L1A Sarzi (Red Leuco),
SARXHY-130S,130,S,,,Sarracenia,xhybrid,,,,,,jan.sion.habrman@gmail.com,22,,2023-01,1,,,intstng moorei,"S. Leucophylla MK L81 ""Helmuth's delight""XS. Leucophylla - L1A Sarzi (Red Leuco)",
SARXHY-131S,131,S,,,Sarracenia,xhybrid,,,,,,jan.sion.habrman@gmail.com,23,,2023-01,1,,,other intsting,H138 S. x “Crimson Queen” (leucophylla x oreophila)XS. 'Přemysl Otakar I.' x 'Adrian Slack' klon B (3) Srba,
SARXHY-132S,132,S,,,Sarracenia,xhybrid,,,,,,jan.sion.habrman@gmail.com,24,,2023-01,1,,,other intsting,S. Alata var. Nigropurpurea 'Night'XS. Leucophylla - L1A Sarzi,
SARXHY-133S,133,S,,,Sarracenia,xhybrid,,,,,,jan.sion.habrman@gmail.com,25,,2023-01,1,,,other intsting,"S. x (Oreophila x Leucophylla) (deformed lid)XSarracenia flava var. ornata ´Lidless´, Green Jaws",
SARXHY-134S,134,S,,,Sarracenia,xhybrid,,,,,,jan.sion.habrman@gmail.com,26,,2023-01,1,,,other intsting,S. Leucophylla x Oreophila (Botanical Garden Prague)XS. Leucophylla MK L142A/ L30A Srba,
SARXHY-135S,135,S,,,Sarracenia,xhybrid,,,,,,jan.sion.habrman@gmail.com,27,,2023-01,1,,,other intsting,S. Leucophylla x Oreophila (Botanical Garden Prague)XH393 MK Sarracenia x Leviathan,
SARXHY-136S,136,S,,,Sarracenia,xhybrid,,,,,,Michelle Carolin Förster - MFC Karnivoren,1,,2023-02,3.5,,,,Samen O5 x Leah Wilkerson,
SARXHY-137S,137,S,,,Sarracenia,xhybrid,,,,,,Michelle Carolin Förster - MFC Karnivoren,2,,2023-02,3,,,,S. x Leah Wilkerson x S. alata A28 Black tube ,
SARXHY-138S,138,S,,,Sarracenia,xhybrid,,,,,,Michelle Carolin Förster - MFC Karnivoren,4,,2023-02,3.5,,,,O7 x orephila x A28 alata black tube,
SARXHY-139P,139,P,,,Sarracenia,xhybrid,,,,,,Tom Hohlenstein,5,,2023-02,14,,,,sehr dunkle hybride von Ruedi fürst,
SARXHY-140P,140,P,,,Sarracenia,xhybrid,,,,,,Tom Hohlenstein,6,,2023-02,14,,,,juthatip soper,
SARXHY-141P,141,P,,,Sarracenia,xhybrid,,,,,,Tom Hohlenstein,7,,2023-02,14,,,,x areolata sx149,
SARXHY-142P,142,P,,,Sarracenia,xhybrid,,,,,,Tom Hohlenstein,MK H113,,2023-02,14,,,,Adrian Slack,
SARXHY-143S,143,S,,,Sarracenia,xhybrid,,,,,,West Cornwall Carnivores,1,,2023-02,1.1,,,,Leviathan x Flava F149MK,
SARXHY-144S,144,S,,,Sarracenia,xhybrid,,,,,,West Cornwall Carnivores,2,,2023-02,1.1,,,,Moorei H62MK x Flava SFA19,
SARXHY-145S,145,S,,,Sarracenia,xhybrid,,,,,,West Cornwall Carnivores,3,,2023-02,1.1,,,,Flava Atropurpurea Blackwater x (Leah Wilkerson x Adrian Slack) F,
SARXHY-146S,146,S,,,Sarracenia,xhybrid,,,,,,West Cornwall Carnivores,4,,2023-02,1.1,,,,(Brooks Hybrid x Lynda Butt) x Mottled hybrid,
SARXHY-147S,147,S,,,Sarracenia,xhybrid,,,,,,West Cornwall Carnivores,5,,2023-02,1.1,,,,(Flava Rugelii x Daniel Rudd) Inverted Veins x Mottled hybrid,
SARXHY-148S,148,S,,,Sarracenia,xhybrid,,,,,,West Cornwall Carnivores,6,,2023-02,1.1,,,,(Moorei x Moorei x Brooks Hybrid) x (Leah Wilkerson x Adrian Slack) A,
SARXHY-149S,149,S,,,Sarracenia,xhybrid,,,,,,West Cornwall Carnivores,7,,2023-02,1.1,,,,Areolata Trinita x SXM54,
SARXHY-150S,150,S,,,Sarracenia,xhybrid,,,,,,West Cornwall Carnivores,8,,2023-02,1.1,,,,(Brooks Hybrid x Leah Wilkerson)cl3 x Adrian Slack,
SARXHY-151S,151,S,,,Sarracenia,xhybrid,,,,,,West Cornwall Carnivores,9,,2023-02,1.1,,,,(Leah Wilkerson x Leucophylla) cl 3 x Copper Vase,
SARXHY-152S,152,S,,,Sarracenia,xhybrid,,,,,,West Cornwall Carnivores,10,,2023-02,1.1,,,,(Leah Wilkerson x Leucophylla) cl10 x Copper Vase,
SARXHY-153S,153,S,,,Sarracenia,xhybrid,,,,,,West Cornwall Carnivores,11,,2023-02,1.1,,,,(Bud Wilkerson x WWK) x Flava Goldie,
SARXHY-154S,154,S,,,Sarracenia,xhybrid,,,,,,West Cornwall Carnivores,12,,2023-02,1.1,,,,Wilkerson Red OP x Copper Vase,
SARXHY-155S,155,S,,,Sarracenia,xhybrid,,,,,,West Cornwall Carnivores,14,,2023-02,1.1,,,,Leah Wilkerson x Mottled,
SARXHY-156S,156,S,,,Sarracenia,xhybrid,,,,,,West Cornwall Carnivores,15,,2023-02,1.1,,,,Leucophylla L22a Mirsoslav x Mottled,
SARXHY-157S,157,S,,,Sarracenia,xhybrid,,,,,,West Cornwall Carnivores,16,,2023-02,1.1,,,,Leucophylla L39aMK x Flava F149MK,
SARXHY-158S,158,S,,,Sarracenia,xhybrid,,,,,,West Cornwall Carnivores,17,,2023-02,4,,,,Sarracenia Monster x Arthur Wheeler,
SARXHY-159S,159,S,,,Sarracenia,xhybrid,,,,,,West Cornwall Carnivores,18,,2023-02,4,,,,Sarracenia Flava Manky x Glynis Wheeler,
SARXHY-160S,160,S,,,Sarracenia,xhybrid,,,,,,West Cornwall Carnivores,19,,2023-02,4,,,,Sarracenia Monster x Flava Goldie,
SARXHY-161S,161,S,,,Sarracenia,xhybrid,,,,,,West Cornwall Carnivores,20,,2023-02,4,,,,Sarracenia Moorei Joe Cornwell x Adrian Slack,
SARXHY-162S,162,S,,,Sarracenia,xhybrid,,,,,,West Cornwall Carnivores,21,,2023-02,4,,,,Sarracenia Rainbow x Atlas 5,
SARXHY-163S,163,S,,,Sarracenia,xhybrid,,,,,,West Cornwall Carnivores,22,,2023-02,4,,,,Sarracenia Harry Wheeler x Lilith,
SARXHY-164S,164,S,,,Sarracenia,xhybrid,,,,,,West Cornwall Carnivores,23,,2023-02,4,,,,Sarracenia Leah Wilkerson x Leucophylla Hurrican Creek F,
SARXHY-165S,165,S,,,Sarracenia,xhybrid,,,,,,West Cornwall Carnivores,24,,2023-02,4,,,,Sarracenia Leah Wilkerson x Flava F149MK,
SARXHY-166S,166,S,,,Sarracenia,xhybrid,,,,,,West Cornwall Carnivores,25,,2023-02,4,,,,Sarracenia (Troll x Adrian Slack) F x Glynis Wheeler,
SARXHY-167S,167,S,,,Sarracenia,xhybrid,,,,,,West Cornwall Carnivores,26,,2023-02,0,,,,Jui x Helen Mary,
SARXHY-168S,168,S,,,Sarracenia,xhybrid,,,,,,West Cornwall Carnivores,27,,2023-02,0,,,,Moorei All Red H61 x Leah Wilkerson,
SARXHY-169S,169,S,,,Sarracenia,xhybrid,,,,,,West Cornwall Carnivores,28,,2023-02,0,,,,Welsh Dragon x Black Widow,