code,,number,obtainedas,pot1_code,pot2_code,genus,species,subspecies,variety,locality,county,state,country,supplyer,supplyer_short,old_code,old_code_number,MK,date,cost,location,county_inferred,expectation_hope,original_description,my_comment,legacy,,,,,
SARALA-001P,1406SCZSAP001,001,P,,,Sarracenia,alata,,,,,,United States,sarracenia.cz,SCZ,NA,001,,2014-06,,,,,,,,,,,,
SARFLA-001P,1406SCZSFP002,001,P,,,Sarracenia,flava,,rugelii,,,,United States,sarracenia.cz,SCZ,NA,002,,2014-06,,,,,,,,,,,,
SARMIN-001P,1406SCZSMP003,001,P,,,Sarracenia,minor,,okefenokeensis,,,,United States,sarracenia.cz,SCZ,NA,003,,2014-06,,,,,,,,,,,,
SARORE-001P,1406SCZSOP004,001,P,,,Sarracenia,oreophila,,,,,,United States,sarracenia.cz,SCZ,NA,004,,2014-06,,,,,,,,,,,,
SARPUR-001P,1406SCZSPP005,001,P,,,Sarracenia,purpurea,venosa,,,,,United States,sarracenia.cz,SCZ,NA,005,,2014-06,,,,,,,,,,,,
SARRUB-001P,1406SCZSRP006,001,P,,,Sarracenia,rubra,,,,,,United States,sarracenia.cz,SCZ,NA,006,,2014-06,,,,,,,,,,,,
SARXHY-001P,1406SCZSXP007,001,P,,,Sarracenia,xhybrid,,,,,,,sarracenia.cz,SCZ,NA,007,,2014-06,,,,,x flava x (flava x oreophila) or only flava?,,,,,,,
SARXHY-002P,1406SCZSXP008,002,P,,,Sarracenia,xhybrid,,,,,,,sarracenia.cz,SCZ,NA,008,,2014-06,,,,,x leucophylla x (leucophylla x oreophila) ,,,,,,,
SARXHY-003P,1406SCZSXP009,003,P,,,Sarracenia,xhybrid,,,,,,,sarracenia.cz,SCZ,NA,009,,2014-06,,,,,x purpurea (purpurea x leucophylla)?,,,,,,,
SARPUR-003S,2009BGBSPS002,003,S,,,Sarracenia,purpurea,venosa,,,,,United States,Bot. Garten Basel,BGB,002,002,,2020-09,0,,,,,,,,,,,
SARPUR-004S,2009BGBSPS003,004,S,,,Sarracenia,purpurea,venosa,,,,,United States,Bot. Garten Basel,BGB,003,003,,2020-09,0,,,,,,,,,,,
SARPUR-005S,2009BGBSPS004,005,S,,,Sarracenia,purpurea,venosa,,,,,United States,Bot. Garten Basel,BGB,004,004,,2020-09,0,,,,,,,,,,,
SARXHY-012S,2009BGISXS001,012,S,,,Sarracenia,xhybrid,,,,,,,Isole di Brissago,BGI,NA,001,,2020-09,0,,,,,,,,,,,
SARALA-003P,2005MKESAP001,003,P,,,Sarracenia,alata,,,,,,United States,Matthias Keller,MKE,NA,001,,2020-05,,,,,,,,,,,,
SARFLA-004P,2005MKESFP002,004,P,,,Sarracenia,flava,,atropurpurea,,Santa Rosa,Florida,United States,Matthias Keller,MKE,NA,002,MKF27C,2020-05,,,,,,,,,,,,
SARFLA-005P,2005MKESFP003,005,P,,,Sarracenia,flava,,,,,,United States,Matthias Keller,MKE,NA,003,,2020-05,,,,,,,,,,,,
SARFLA-006P,2005MKESFP004,006,P,,,Sarracenia,flava,,rubricorpora,,,,United States,Matthias Keller,MKE,NA,004,,2020-05,,red tube,,,red tube,,,,,,,
SARMIN-003P,2005MKESMP005,003,P,,,Sarracenia,minor,,okefenokeensis,,,,United States,Matthias Keller,MKE,NA,005,,2020-05,10,,,,,,,,,,,
SARORE-003P,2005MKESOP006,003,P,,,Sarracenia,oreophila,,,,,,United States,Matthias Keller,MKE,NA,006,,2020-05,,,,,,,,,,,,
SARRUB-003P,2005MKESRP007,003,P,,,Sarracenia,rubra,wherryi,,,Washington,Alabama,United States,Matthias Keller,MKE,NA,007,MKRW6,2020-05,,,inferred,,"giant chatom, AL ",,,,,,,
SARXHY-008P,2005MKESXP008,008,P,,,Sarracenia,xhybrid,,,,,,,Matthias Keller,MKE,NA,008,,2020-05,,,,,x farnhamii (= rubra x leucophylla),,,,,,,
SARXHY-009P,2005MKESXP009,009,P,,,Sarracenia,xhybrid,,,,,,,Matthias Keller,MKE,NA,009,,2020-05,,,,,x morrei (= flava x leucophylla),,,,,,,
SARXHY-010P,2005MKESXP010,010,P,,,Sarracenia,xhybrid,,,,,,,Matthias Keller,MKE,NA,010,,2020-05,,,,,x swaniana (= minor x purpurea),,,,,,,
SARXHY-011P,2005MKESXP011,011,P,,,Sarracenia,xhybrid,,,,,,,Matthias Keller,MKE,NA,011,,2020-05,,,,,x wrigleyana (= psittacina x leucophylla),,,,,,,
SARALA-002P,2004SEHSAP001,002,P,,,Sarracenia,alata,,,,,,United States,GFP - Simon Ehrenmann,SEH,NA,001,,2020-04,,,,,,,,,,,,
SARFLA-002P,2004SEHSFP002,002,P,,,Sarracenia,flava,,,,Brunswick,North Carolina,United States,GFP - Simon Ehrenmann,SEH,NA,002,,2020-04,,Shallotte,,,,,,,,,,
SARFLA-003P,2004SEHSFP003,003,P,,,Sarracenia,flava,,,,Sussex,North Carolina,United States,GFP - Simon Ehrenmann,SEH,NA,003,,2020-04,,,,,,,,,,,,
SARLEU-001P,2004SEHSLP004,001,P,,,Sarracenia,leucophylla,,,,Washington,Alabama,United States,GFP - Simon Ehrenmann,SEH,NA,004,,2020-04,,,,,"near Citronelle, Washington Co. AL",,,,,,,
SARMIN-002P,2004SEHSMP005,002,P,,,Sarracenia,minor,,minor,,,,United States,GFP - Simon Ehrenmann,SEH,NA,005,,2020-04,,,,,,,,,,,,
SARORE-002P,2004SEHSOP006,002,P,,,Sarracenia,oreophila,,,,,,United States,GFP - Simon Ehrenmann,SEH,NA,006,,2020-04,,,,,,,,,,,,
SARPUR-002P,2004SEHSPP007,002,P,,,Sarracenia,purpurea,purpurea,,,,,,GFP - Simon Ehrenmann,SEH,NA,007,,2020-04,,,,,,,,,,,,
SARRUB-002P,2004SEHSRP008,002,P,,,Sarracenia,rubra,gulfensis,,,,,United States,GFP - Simon Ehrenmann,SEH,NA,008,,2020-04,,,,,,,,,,,,
SARALA-004S,2012STOSAS001,004,S,,,Sarracenia,alata,,cuprea,,Hardin,Texas,United States,Stefano Tognon - ice00,STO,X121-19,001,,2020-12,0.7,Texas,inferred,,"alata var cuprea Texas , tall, Copper Lid and upper tube x self",,,,,,,
SARFLA-007S,2012STOSFS002,007,S,,,Sarracenia,flava,,rubicorpora,,Liberty,Florida,United States,Stefano Tognon - ice00,STO,X19-20,002,MKF111F1,2020-12,2,Apalachicola National Forest,,,(F111 MK) x self,,,,,,,
SARFLA-008S,2012STOSFS003,008,S,,,Sarracenia,flava,,rubicorpora x ornata,,,,United States,Stefano Tognon - ice00,STO,X22-20,003,,2020-12,2,,,,var. rubicorpora (F111 MK) x flava var ornata F72PW ,,,,,,,
SARFLA-009S,2012STOSFS004,009,S,,,Sarracenia,flava,,maxima,,Sussex,Virginia,United States,Stefano Tognon - ice00,STO,X38-19,004,,2020-12,1,"Sussex Co., Virginia",,,"flava var. maxima, Beautiful yellow pitchers, Sussex Co., Virginia, F64 Phil Wilson x self",,,,,,,
SARFLA-010S,2012STOSFS005,010,S,,,Sarracenia,flava,,cuprea,,,,United States,Stefano Tognon - ice00,STO,X7-19,005,,2020-12,1,,,,(flava var cuprea Dennis Balsdon x self) x flava var cuprea Dennis Balsdon,,,,,,,
SARLEU-002S,2012STOSLS006,002,S,,,Sarracenia,leucophylla,,,,,,United States,Stefano Tognon - ice00,STO,X229-20,006,,2020-12,1.3,,,,"leucophylla “Labbra Bianche”, Adrian Slack clone  x leucophylla L2 MK - Green and White, Citronelle, AL",,,,,,,
SARXHY-013S,2012STOSXS007,013,S,,,Sarracenia,xhybrid,,,,,,,Stefano Tognon - ice00,STO,X10-20,007,,2020-12,2,,,,"Very large, Norman Parker MK H92 x self",,,,,,,
SARXHY-014S,2012STOSXS008,014,S,,,Sarracenia,xhybrid,,,,,,,Stefano Tognon - ice00,STO,X136-19,008,,2020-12,0.7,,,,"leucophylla viridescens x (leuco X rubra gulf. luteoviridis), (L46 X H9, high chance of antho-free plantlets) [H32/2012 AltairW] x self",,,,,,,
SARXHY-015S,2012STOSXS009,015,S,,,Sarracenia,xhybrid,,,,,,,Stefano Tognon - ice00,STO,X145-19,009,,2020-12,0.7,,,,"x moorei ‘Marston Clone’ x melanorhoda – 2006 seed -[H11]  x   leucophylla ""giant""",,,,,,,
SARXHY-016S,2012STOSXS010,016,S,,,Sarracenia,xhybrid,,,,,,,Stefano Tognon - ice00,STO,X170-20,010,,2020-12,2,,,,x excellens x leucophylla MK H36 [H64] x self,,,,,,,
SARXHY-017S,2012STOSXS011,017,S,,,Sarracenia,xhybrid,,,,,,,Stefano Tognon - ice00,STO,X2-20,011,,2020-12,1.8,,,,"alata – Red throat – Perry Country, Alabama x flava var. ruggelli – Clone 7,large flat lid – Milton, Florida – A9 x F56 [SH451-Tricky Utrici] x cuprea x alata Black Tube HF03 AltairW",,,,,,,
SARXHY-018S,2012STOSXS012,018,S,,,Sarracenia,xhybrid,,,,,,,Stefano Tognon - ice00,STO,X3-18,012,,2020-12,0.7,,,,,,,,,,,
SARXHY-019S,2012STOSXS013,019,S,,,Sarracenia,xhybrid,,,,,,,Stefano Tognon - ice00,STO,X3-20,013,,2020-12,1.5,,,,cuprea x alata Black Tube HF03 AltairW x self,,,,,,,
SARXHY-020S,2012STOSXS014,020,S,,,Sarracenia,xhybrid,,,,,,,Stefano Tognon - ice00,STO,X57-19,014,,2020-12,0.7,,,,"alata var cuprea Texas , tall, Copper Lid and upper tube x  flava var.  rugelii F52 MK, Milton,FL Clone 5, (W) (by Er Biconzo) ",,,,,,,
SARXHY-004S,2004WWCSXS001,004,S,,,Sarracenia,xhybrid,,,,,,,eBay - westcornwallcarnivores,WWC,NA,001,,2020-04,3.5,,,,flava Wakulla Red Lip F190 J Janssen x (Wilkerson Bus x WWK),,,,,,,
SARXHY-005S,2004WWCSXS002,005,S,,,Sarracenia,xhybrid,,,,,,,eBay - westcornwallcarnivores,WWC,NA,002,,2020-04,3.5,,,,leucophylla L39a Mobile Co. 100cm pitchers J Janssen x Troll,,,,,,,
SARXHY-006S,2004WWCSXS003,006,S,,,Sarracenia,xhybrid,,,,,,,eBay - westcornwallcarnivores,WWC,NA,003,,2020-04,3.5,,,,leucophylla L48BMK x Troll,,,,,,,
SARXHY-007S,2004WWCSXS004,007,S,,,Sarracenia,xhybrid,,,,,,,eBay - westcornwallcarnivores,WWC,NA,004,,2020-04,3.5,,,,oreophila Heavy Vein x SX65a,,,,,,,
SARLEU-003S,2101CLISLS001,003,S,,,Sarracenia,leucophylla,,,,,,United States,Christian List,CLI,NA,001,,2021-01,4,,,,L104F x SL97 ,,,,,,,
SARLEU-004S,2101CLISLS002,004,S,,,Sarracenia,leucophylla,,,,,,United States,Christian List,CLI,NA,002,,2021-01,4,,,,Mont Blanc' x SL25 ,,,,,,,
SARXHY-021S,2101CLISXS003,021,S,,,Sarracenia,xhybrid,,,,,,,Christian List,CLI,NA,003,,2021-01,0,,,,Sarracenia Samenmix,,,,,,,
SARFLA-011S,2101MEWSFS001,011,S,,,Sarracenia,flava,,,,,,United States,Michiels Ewoud,MEW,NA,001,,2021-01,1.6,,,,"flava ""Goldie"" x S. flava var. cuprea (MK F90)",,,,,,,
SARLEU-005S,2101MEWSLS002,005,S,,,Sarracenia,leucophylla,,,,,,United States,Michiels Ewoud,MEW,NA,002,,2021-01,1.6,,,,"leucophylla ""Bonbon"" x selfed",,,,,,,
SARLEU-006S,2101MEWSLS003,006,S,,,Sarracenia,leucophylla,,,,,,United States,Michiels Ewoud,MEW,NA,003,,2021-01,1.6,,,,"leucophylla ""Helmut's Delight"" x selfed",,,,,,,
SARLEU-007S,2101MEWSLS004,007,S,,,Sarracenia,leucophylla,,,,,,United States,Michiels Ewoud,MEW,NA,004,,2021-01,1.6,,,,"leucophylla, red stripe in throat (SL61 C. Azais) x selfed",,,,,,,
SARLEU-008S,2101MEWSLS005,008,S,,,Sarracenia,leucophylla,,,,,,United States,Michiels Ewoud,MEW,NA,005,,2021-01,1.6,,,,"leucophylla ""Bonbon"" x S. leucophylla (MK L13)",,,,,,,
SARLEU-009S,2101MEWSLS006,009,S,,,Sarracenia,leucophylla,,,,,,United States,Michiels Ewoud,MEW,NA,006,,2021-01,1.6,,,,leucophylla (ISL x SCH13) x selfed,,,,,,,
SARLEU-010S,2101MEWSLS007,010,S,,,Sarracenia,leucophylla,,,,Baldwin,Alabama,United States,Michiels Ewoud,MEW,NA,007,,2021-01,1.6,,,,"leucophylla ""HCW"", seedling S. Lenssen x selfed",,,,,,,
SARLEU-011S,2101MEWSLS008,011,S,,,Sarracenia,leucophylla,,,,,,United States,Michiels Ewoud,MEW,NA,008,MKL37F1,2021-01,1.6,,,,"leucophylla, red tube, pink lid (MK L37) x selfed",,,,,,,
SARXHY-022S,2101MEWSXS009,022,S,,,Sarracenia,xhybrid,,,,,,,Michiels Ewoud,MEW,NA,009,,2021-01,1.6,,,,"flava var. rubricorpora x (alata red x rubricorpora), very intense red tubes, yellow lid x selfed",,,,,,,
SARXHY-023S,2101MEWSXS010,023,S,,,Sarracenia,xhybrid,,,,,,,Michiels Ewoud,MEW,NA,010,,2021-01,1.6,,,,flava var. atropurpurea x open,,,,,,,
SARXHY-024S,2101MEWSXS011,024,S,,,Sarracenia,xhybrid,,,,,,,Michiels Ewoud,MEW,NA,011,,2021-01,1.6,,,,flava var. flava x open,,,,,,,
SARXHY-025S,2101MEWSXS012,025,S,,,Sarracenia,xhybrid,,,,,,,Michiels Ewoud,MEW,NA,012,,2021-01,1.6,,,,leucophylla (MK L13) x open,,,,,,,
SARXHY-026S,2101MEWSXS013,026,S,,,Sarracenia,xhybrid,,,,,,,Michiels Ewoud,MEW,NA,013,,2021-01,1.6,,,,leucophylla x open,,,,,,,
SARXHY-027S,2101MEWSXS014,027,S,,,Sarracenia,xhybrid,,,,,,,Michiels Ewoud,MEW,NA,014,,2021-01,1.6,,,,leucophylla (SL61 C. Azais)(MK L111) x open (?),,,,,,,
SARXHY-028S,2101MEWSXS015,028,S,,,Sarracenia,xhybrid,,,,,,,Michiels Ewoud,MEW,NA,015,,2021-01,1.6,,,,oreophila x S. leucophylla (MK L37),,,,,,,
SARXHY-029S,2101MEWSXS016,029,S,,,Sarracenia,xhybrid,,,,,,,Michiels Ewoud,MEW,NA,016,,2021-01,1.6,,,,(leucophylla x oreophila) x open,,,,,,,
SARXHY-030S,2101MEWSXS017,030,S,,,Sarracenia,xhybrid,,,,,,,Michiels Ewoud,MEW,NA,017,,2021-01,1.6,,,,"'Leah Wilkerson' x S. x moorei ""Elizabeth""",,,,,,,
SARXHY-031S,2101MEWSXS018,031,S,,,Sarracenia,xhybrid,,,,,,,Michiels Ewoud,MEW,NA,018,,2021-01,1.6,,,,x moorei (MK H42) x open,,,,,,,
SARXHY-032S,2101MEWSXS019,032,S,,,Sarracenia,xhybrid,,,,,,,Michiels Ewoud,MEW,NA,019,,2021-01,1.6,,,,"x moorei ""Elizabeth"" x S. 'Lynda Butt'",,,,,,,
SARXHY-033S,2101MEWSXS020,033,S,,,Sarracenia,xhybrid,,,,,,,Michiels Ewoud,MEW,NA,020,,2021-01,1.6,,,,x moorei “Black & White” x selfed,,,,,,,
SARXHY-034S,2101MEWSXS021,034,S,,,Sarracenia,xhybrid,,,,,,,Michiels Ewoud,MEW,NA,021,,2021-01,1.6,,,,'Leah Wilkerson' x selfed,,,,,,,
SARXHY-035S,2101MEWSXS022,035,S,,,Sarracenia,xhybrid,,,,,,,Michiels Ewoud,MEW,NA,022,,2021-01,1.6,,,,"flava var. ornata x S. x moorei ""Black & White""",,,,,,,
SARXHY-036S,2101MEWSXS023,036,S,,,Sarracenia,xhybrid,,,,,,,Michiels Ewoud,MEW,NA,023,,2021-01,1.6,,,,'Lynda Butt' x selfed,,,,,,,
SARXHY-037S,2101MEWSXS024,037,S,,,Sarracenia,xhybrid,,,,,,,Michiels Ewoud,MEW,NA,024,,2021-01,1.6,,,,"'Leah Wilkerson' x S. flava ""Goldie""",,,,,,,
SARXHY-038S,2101MEWSXS025,038,S,,,Sarracenia,xhybrid,,,,,,,Michiels Ewoud,MEW,NA,025,,2021-01,1.6,,,,'Leah Wilkerson' x S. leucophylla var. alba,,,,,,,
SARXHY-039S,2101MEWSXS026,039,S,,,Sarracenia,xhybrid,,,,,,,Michiels Ewoud,MEW,NA,026,,2021-01,1.6,,,,"flava ""Goldie"" x S. 'Leah Wilkerson'",,,,,,,
SARXHY-040S,2101MEWSXS027,040,S,,,Sarracenia,xhybrid,,,,,,,Michiels Ewoud,MEW,NA,027,,2021-01,1.6,,,,"x moorei ""WWK"" x S. leucophylla ""Bonbon""",,,,,,,
SARXHY-041S,2101MEWSXS028,041,S,,,Sarracenia,xhybrid,,,,,,,Michiels Ewoud,MEW,NA,028,,2021-01,1.6,,,,"“Helmut’s delight” x S. ('Leah Wilkerson' x ""Helmut's Delight"")",,,,,,,
SARXHY-042S,2101MEWSXS029,042,S,,,Sarracenia,xhybrid,,,,,,,Michiels Ewoud,MEW,NA,029,,2021-01,1.6,,,,"x moorei ""Helen Mary"" x selfed",,,,,,,
SARXHY-043S,2101MEWSXS030,043,S,,,Sarracenia,xhybrid,,,,,,,Michiels Ewoud,MEW,NA,030,,2021-01,1.6,,,,"x moorei ""Elizabeth"" x selfed",,,,,,,
SARXHY-044S,2101MEWSXS031,044,S,,,Sarracenia,xhybrid,,,,,,,Michiels Ewoud,MEW,NA,031,,2021-01,1.6,,,,"x moorei ""WWK"" x S. ‘Lynda Butt’",,,,,,,
SARXHY-045S,2101MEWSXS032,045,S,,,Sarracenia,xhybrid,,,,,,,Michiels Ewoud,MEW,NA,032,,2021-01,1.6,,,,"x moorei ""WWK"" x selfed",,,,,,,
SARXHY-046S,2101MEWSXS033,046,S,,,Sarracenia,xhybrid,,,,,,,Michiels Ewoud,MEW,NA,033,,2021-01,1.6,,,,‘Silvia Luise’ x S. 'Leah Wilkerson',,,,,,,
SARXHY-047S,2101MEWSXS034,047,S,,,Sarracenia,xhybrid,,,,,,,Michiels Ewoud,MEW,NA,034,,2021-01,1.6,,,,‘Silvia Luise’ x selfed,,,,,,,
SARPSI-003P,2106OKISPP001,003,P,,,Sarracenia,psittacina,,psittacina,,,Mississippi,United States,Oki,OKI,NA,001,,2021-06,,,,,wild form,,,,,,,
SARPUR-006P,2106OKISPP003,006,P,,,Sarracenia,purpurea,venosa,minor black,,Catawba,North Carolina,United States,Oki ex. Thomas Carow,OKI,NA,003,,2021-06,0,,inferred,,"Sarracenia purpurea ssp. venosa ""minor black""",,https://www.gbif.org/occurrence/1424784936,,,,,
SARROS-001P,2106OKISRP002,001,P,,,Sarracenia,rosea,,,,,,United States,Oki,OKI,NA,002,,2021-06,,,,,,,,,,,,
SARMIN-004S,2103PKUSMS001,004,S,,,Sarracenia,minor,,okefenokeensis,,,,United States,Pascal Klums,PKU,NA,001,MKM9F1,2021-03,8,,,,Sarracenia minor okefenokee copper lids MKM9,,,,,,,
SARMIN-005S,2103PKUSMS002,005,S,,,Sarracenia,minor,,okefenokeensis,,,,United States,Pascal Klums,PKU,NA,002,,2021-03,6,,,,Sarracenia minor okefenokee ICPS seeds 1980s,,,,,,,
SARMIN-006S,2103PKUSMS003,006,S,,,Sarracenia,minor,,minor,,Dorchester,South Carolina,United States,Pascal Klums,PKU,NA,003,,2021-03,5,,,,Sarracenia minor Dorchester,,,,,,,
SARPSI-001P,2103RFUSPP001,001,P,,,Sarracenia,psittacina,,psittacina,,,,United States,Ruedi Fürst,RFU,NA,001,,2021-03,,,,,antocyanin free,,,,,,,
SARPSI-002P,2103RFUSPP002,002,P,,,Sarracenia,psittacina,,psittacina,,Santa Rosa,Florida,United States,Ruedi Fürst,RFU,NA,002,,2021-03,Yellow River,,inferred,,red,,,,,,,
SARORE-004P,2107RPESOP004,004,P,,,Sarracenia,oreophila,,oreophila,,Towns,Georgia,United States,Meeting boga ZH - Wallis - Romain Petit,RPE,NA,004,,2021-07,5,,,,,,,,,,,
SARXHY-048P,2107RPESXP001,048,P,,,Sarracenia,xhybrid,,,,,,,Meeting boga ZH - Wallis,RPE,NA,001,,2021-07,5,,,,"minor var. okefenokeensis, Okefenokee Giant x flava var. rugelii - Giant robust clone MKF18",,,,,,,
SARXHY-049P,2107RPESXP002,049,P,,,Sarracenia,xhybrid,,,,,,,Meeting boga ZH - Wallis,RPE,NA,002,,2021-07,5,,,,MKA46 x MKF32,,,,,,,
SARXHY-050P,2107RPESXP003,050,P,,,Sarracenia,xhybrid,,,,,,,Meeting boga ZH - Wallis,RPE,NA,003,,2021-07,5,,,,flava var. atropurpurea Black Water x flava all red SH134,,,,,,,
SARALA-011S,2212AOSSAS556,011,S,,,Sarracenia,alata,,nigropurpurea,,,,United States,Angelo Ossino - carnivorandia - Via Como 11 - IT-26010 Priolo Gargallo (SR),AOS,556,556,,2022-12,,,,,A60MK x A28MK,,,,,,,
SARLEU-025S,2212AOSSLS336,025,S,,,Sarracenia,leucophylla,,,,,,United States,Angelo Ossino - carnivorandia - Via Como 11 - IT-26010 Priolo Gargallo (SR),AOS,336,336,,2022-12,3.5,,,,"S. leucophylla ""Mary Celeste"" x L40AO",,,,,,,
SARXHY-063S,2212AOSSXS301,063,S,,,Sarracenia,xhybrid,,,,,,,Angelo Ossino - carnivorandia - Via Como 11 - IT-26010 Priolo Gargallo (SR),AOS,301,301,,2022-12,3.5,,,,"H001AO x L48Ao - x S. leucophylla ""Ghost in the Shell""",,,,,,,
SARXHY-064S,2212AOSSXS304,064,S,,,Sarracenia,xhybrid,,,,,,,Angelo Ossino - carnivorandia - Via Como 11 - IT-26010 Priolo Gargallo (SR),AOS,304,304,,2022-12,3.5,,,,H96MK x L15AO,,,,,,,
SARXHY-065S,2212AOSSXS305,065,S,,,Sarracenia,xhybrid,,,,,,,Angelo Ossino - carnivorandia - Via Como 11 - IT-26010 Priolo Gargallo (SR),AOS,305,305,,2022-12,3.5,,,,"A16MK - x L021AO - x S. ""Antivenom""",,,,,,,
SARXHY-066S,2212AOSSXS314,066,S,,,Sarracenia,xhybrid,,,,,,,Angelo Ossino - carnivorandia - Via Como 11 - IT-26010 Priolo Gargallo (SR),AOS,314,314,,2022-12,3.5,,,,A59MK x L09AO,,,,,,,
SARXHY-067S,2212AOSSXS316,067,S,,,Sarracenia,xhybrid,,,,,,,Angelo Ossino - carnivorandia - Via Como 11 - IT-26010 Priolo Gargallo (SR),AOS,316,316,,2022-12,3.5,,,,"A60MK x H84bAO - x S. x ""Virgo""",,,,,,,
SARXHY-068S,2212AOSSXS318,068,S,,,Sarracenia,xhybrid,,,,,,,Angelo Ossino - carnivorandia - Via Como 11 - IT-26010 Priolo Gargallo (SR),AOS,318,318,,2022-12,3.5,,,,"A60MK x S. x ""Adrian Slack""",,,,,,,
SARXHY-069S,2212AOSSXS319,069,S,,,Sarracenia,xhybrid,,,,,,,Angelo Ossino - carnivorandia - Via Como 11 - IT-26010 Priolo Gargallo (SR),AOS,319,319,,2022-12,3.5,,,,"A46MK x H85AO - x S. x ""Mahakala""",,,,,,,
SARXHY-070S,2212AOSSXS320,070,S,,,Sarracenia,xhybrid,,,,,,,Angelo Ossino - carnivorandia - Via Como 11 - IT-26010 Priolo Gargallo (SR),AOS,320,320,,2022-12,3.5,,,,"(L11AO x A16MK) #4 x F39aAO - x S. ""Heimdallr""",,,,,,,
SARXHY-071S,2212AOSSXS321,071,S,,,Sarracenia,xhybrid,,,,,,,Angelo Ossino - carnivorandia - Via Como 11 - IT-26010 Priolo Gargallo (SR),AOS,321,321,,2022-12,3.5,,,,A46MK x H34MK,,,,,,,
SARXHY-072S,2212AOSSXS324,072,S,,,Sarracenia,xhybrid,,,,,,,Angelo Ossino - carnivorandia - Via Como 11 - IT-26010 Priolo Gargallo (SR),AOS,324,324,,2022-12,3.5,,,,"A28Mk x F39aAO - x S. ""Heimdallr""",,,,,,,
SARXHY-073S,2212AOSSXS326,073,S,,,Sarracenia,xhybrid,,,,,,,Angelo Ossino - carnivorandia - Via Como 11 - IT-26010 Priolo Gargallo (SR),AOS,326,326,,2022-12,3.5,,,,H23AO x H01AO,,,,,,,
SARXHY-074S,2212AOSSXS329,074,S,,,Sarracenia,xhybrid,,,,,,,Angelo Ossino - carnivorandia - Via Como 11 - IT-26010 Priolo Gargallo (SR),AOS,329,329,,2022-12,3.5,,,,"F39aAO x S. x ""Adrian Slack"" - S. ""Heimdallr"" x",,,,,,,
SARXHY-075S,2212AOSSXS344,075,S,,,Sarracenia,xhybrid,,,,,,,Angelo Ossino - carnivorandia - Via Como 11 - IT-26010 Priolo Gargallo (SR),AOS,344,344,,2022-12,3.5,,,,H55AO x H23AO,,,,,,,
SARXHY-076S,2212AOSSXS347,076,S,,,Sarracenia,xhybrid,,,,,,,Angelo Ossino - carnivorandia - Via Como 11 - IT-26010 Priolo Gargallo (SR),AOS,347,347,,2022-12,3.5,,,,"H01AO x S. x ""Adrian Slack""",,,,,,,
SARXHY-077S,2212AOSSXS353,077,S,,,Sarracenia,xhybrid,,,,,,,Angelo Ossino - carnivorandia - Via Como 11 - IT-26010 Priolo Gargallo (SR),AOS,353,353,,2022-12,3.5,,,,"F88MK x S. x ""Rainbow""",,,,,,,
SARXHY-078S,2212AOSSXS354,078,S,,,Sarracenia,xhybrid,,,,,,,Angelo Ossino - carnivorandia - Via Como 11 - IT-26010 Priolo Gargallo (SR),AOS,354,354,,2022-12,3.5,,,,F15AO x L09AO,,,,,,,
SARXHY-079S,2212AOSSXS355,079,S,,,Sarracenia,xhybrid,,,,,,,Angelo Ossino - carnivorandia - Via Como 11 - IT-26010 Priolo Gargallo (SR),AOS,355,355,,2022-12,3.5,,,,L14AO x F88MK,,,,,,,
SARXHY-080S,2212AOSSXS358,080,S,,,Sarracenia,xhybrid,,,,,,,Angelo Ossino - carnivorandia - Via Como 11 - IT-26010 Priolo Gargallo (SR),AOS,358,358,,2022-12,3.5,,,,H16AO x A28MK,,,,,,,
SARXHY-081S,2212AOSSXS368,081,S,,,Sarracenia,xhybrid,,,,,,,Angelo Ossino - carnivorandia - Via Como 11 - IT-26010 Priolo Gargallo (SR),AOS,368,368,,2022-12,3.5,,,,H12AO x H23AO,,,,,,,
SARXHY-082S,2212AOSSXS371,082,S,,,Sarracenia,xhybrid,,,,,,,Angelo Ossino - carnivorandia - Via Como 11 - IT-26010 Priolo Gargallo (SR),AOS,371,371,,2022-12,3.5,,,,H22AO x A60MK,,,,,,,
SARXHY-083S,2212AOSSXS372,083,S,,,Sarracenia,xhybrid,,,,,,,Angelo Ossino - carnivorandia - Via Como 11 - IT-26010 Priolo Gargallo (SR),AOS,372,372,,2022-12,3.5,,,,H22AO x H23AO,,,,,,,
SARXHY-084S,2212AOSSXS374,084,S,,,Sarracenia,xhybrid,,,,,,,Angelo Ossino - carnivorandia - Via Como 11 - IT-26010 Priolo Gargallo (SR),AOS,374,374,,2022-12,3.5,,,,"H22AO x S. x ""Adrian Slack""",,,,,,,
SARXHY-085S,2212AOSSXS377,085,S,,,Sarracenia,xhybrid,,,,,,,Angelo Ossino - carnivorandia - Via Como 11 - IT-26010 Priolo Gargallo (SR),AOS,377,377,,2022-12,3.5,,,,L37AO x A60MK,,,,,,,
SARXHY-086S,2212AOSSXS380,086,S,,,Sarracenia,xhybrid,,,,,,,Angelo Ossino - carnivorandia - Via Como 11 - IT-26010 Priolo Gargallo (SR),AOS,380,380,,2022-12,3.5,,,,"H23AO x S. x ""Adrian Slack""",,,,,,,
SARXHY-087S,2212AOSSXS385,087,S,,,Sarracenia,xhybrid,,,,,,,Angelo Ossino - carnivorandia - Via Como 11 - IT-26010 Priolo Gargallo (SR),AOS,385,385,,2022-12,3.5,,,,A60MK x L09AO,,,,,,,
SARXHY-088S,2212AOSSXS399,088,S,,,Sarracenia,xhybrid,,,,,,,Angelo Ossino - carnivorandia - Via Como 11 - IT-26010 Priolo Gargallo (SR),AOS,399,399,,2022-12,3.5,,,,"H109MK x H85AO - x S. x ""Mahakala""",,,,,,,
SARXHY-089S,2212AOSSXS500,089,S,,,Sarracenia,xhybrid,,,,,,,Angelo Ossino - carnivorandia - Via Como 11 - IT-26010 Priolo Gargallo (SR),AOS,500,500,,2022-12,6,,,,"L015AO x H84aAO - x S. x ""Andromeda""",,,,,,,
SARXHY-090S,2212AOSSXS502,090,S,,,Sarracenia,xhybrid,,,,,,,Angelo Ossino - carnivorandia - Via Como 11 - IT-26010 Priolo Gargallo (SR),AOS,502,502,,2022-12,6,,,,"H22AO x H318MK - x S. x moorei ""The Beast""",,,,,,,
SARXHY-091S,2212AOSSXS503,091,S,,,Sarracenia,xhybrid,,,,,,,Angelo Ossino - carnivorandia - Via Como 11 - IT-26010 Priolo Gargallo (SR),AOS,503,503,,2022-12,6,,,,"L18MK x H23AO - x S. x ""October Hope""",,,,,,,
SARXHY-092S,2212AOSSXS506,092,S,,,Sarracenia,xhybrid,,,,,,,Angelo Ossino - carnivorandia - Via Como 11 - IT-26010 Priolo Gargallo (SR),AOS,506,506,,2022-12,6,,,,L48AO x L12AO,,,,,,,
SARXHY-093S,2212AOSSXS508,093,S,,,Sarracenia,xhybrid,,,,,,,Angelo Ossino - carnivorandia - Via Como 11 - IT-26010 Priolo Gargallo (SR),AOS,508,508,,2022-12,6,,,,"F32AO x S. x ""Adrian Slack""",,,,,,,
SARXHY-094S,2212AOSSXS518,094,S,,,Sarracenia,xhybrid,,,,,,,Angelo Ossino - carnivorandia - Via Como 11 - IT-26010 Priolo Gargallo (SR),AOS,518,518,,2022-12,6,,,,"H23AO x S. x ""Nemesi""",,,,,,,
SARXHY-095S,2212AOSSXS521,095,S,,,Sarracenia,xhybrid,,,,,,,Angelo Ossino - carnivorandia - Via Como 11 - IT-26010 Priolo Gargallo (SR),AOS,521,521,,2022-12,6,,,,"L52AO x H93aAO - S. x leucophylla ""Typhoon Tip"" x S. ""Narsil""",,,,,,,
SARXHY-096S,2212AOSSXS533,096,S,,,Sarracenia,xhybrid,,,,,,,Angelo Ossino - carnivorandia - Via Como 11 - IT-26010 Priolo Gargallo (SR),AOS,533,533,,2022-12,6,,,,"L51AO x H93aAO - S. leucophylla ""Bloody Soul"" x S. x ""Narsil""",,,,,,,
SARXHY-097S,2212AOSSXS535,097,S,,,Sarracenia,xhybrid,,,,,,,Angelo Ossino - carnivorandia - Via Como 11 - IT-26010 Priolo Gargallo (SR),AOS,535,535,,2022-12,6,,,,"H012AO x H84aAO - x S. ""Andromeda""",,,,,,,
SARXHY-098S,2212AOSSXS548,098,S,,,Sarracenia,xhybrid,,,,,,,Angelo Ossino - carnivorandia - Via Como 11 - IT-26010 Priolo Gargallo (SR),AOS,548,548,,2022-12,6,,,,"A28MK x S. x ""Adrian Slack""",,,,,,,
SARXHY-099S,2212AOSSXS564,099,S,,,Sarracenia,xhybrid,,,,,,,Angelo Ossino - carnivorandia - Via Como 11 - IT-26010 Priolo Gargallo (SR),AOS,564,564,,2022-12,6,,,,"L23MK x H85AO - x S. x ""Mahakala""",,,,,,,
SARXHY-100S,2212AOSSXS600,100,S,,,Sarracenia,xhybrid,,,,,,,Angelo Ossino - carnivorandia - Via Como 11 - IT-26010 Priolo Gargallo (SR),AOS,600,600,,2022-12,20,,,,"H85AO x self - S. x ""Mahakala""",,,,,,,
SARXHY-101S,2212AOSSXS601,101,S,,,Sarracenia,xhybrid,,,,,,,Angelo Ossino - carnivorandia - Via Como 11 - IT-26010 Priolo Gargallo (SR),AOS,601,601,,2022-12,20,,,,"H113MK x H85Ao - S. x ""Adrian Slack"" x  S. x ""Mahakala""",,,,,,,
SARALA-012S,2212CKLSAS025,012,S,,,Sarracenia,alata,,rubrioperculata,,Stone,Mississippi,United States,Christian Klein,CKL,025,025,,2022-12,2.6,,inferred,,"S. alata, deep maroon throat, Welham --> A02 -- Sarracenia alata rubrioperculata -- MS; Stone Co -- Red lid, maroon tinged bulbous upper pitchers;huge stocky pitchers in autumn -- MK: A20, ST: A11, AS: SA25, RvL: AL19, Welham",,,,,,,
SARALA-013S,2212CKLSAS026,013,S,,,Sarracenia,alata,,nigropurpurea,,,,United States,Christian Klein,CKL,026,026,,2022-12,2.6,,,,"S. alata, Black Tube, Pubescent Black",,,,,,,
SARFLA-039S,2212CKLSFS003,039,S,,,Sarracenia,flava,,cuprea,,Brunswick,South Carolina,United States,Christian Klein,CKL,003,003,MKF216F1,2022-12,2.6,,,,"S. flava var. cuprea, F 216, Green Swamp [Brunswick or Columbus Co.]",,,,,,,
SARFLA-036S,2212CKLSFS004,036,S,,,Sarracenia,flava,,flava,,Bay,Florida,United States,Christian Klein,CKL,004,004,,2022-12,2.6,,,,"S. flava var. flava, Orange Tube, IP F39a, Sandy Creek",,,,,,,
SARFLA-037S,2212CKLSFS005,037,S,,,Sarracenia,flava,,ornata,,Gulf,Florida,United States,Christian Klein,CKL,005,005,,2022-12,2.6,,,,"S. flava var. ornata, F36 Phil Wilson, red throat, Apalachicola National Forest, Wewahitchka, Florida",,,,,,,
SARFLA-038S,2212CKLSFS006,038,S,,,Sarracenia,flava,,ornata,,Walton,Florida,United States,Christian Klein,CKL,006,006,,2022-12,2.6,,,,"S. flava var. ornata, Miramar, Florida",,,,,,,
SARFLA-040S,2212CKLSFS022,040,S,,,Sarracenia,flava,,rubricorpora,,Liberty,Florida,United States,Christian Klein,CKL,022,022,,2022-12,2.6,,inferred,,"S. flava var. rubricorpora, RCP1",,,,,,,
SARLEU-026S,2212CKLSLS007,026,S,,,Sarracenia,leucophylla,,,,Okaloosa,Florida,United States,Christian Klein,CKL,007,007,,2022-12,2.6,,,,"S. leucophylla, Eglin Reserve, Alabama, Clone A",,,,,,,
SARLEU-027S,2212CKLSLS008,027,S,,,Sarracenia,leucophylla,,,,Calhoun,Florida,United States,Christian Klein,CKL,008,008,MKL19F1,2022-12,2.6,,,,"S. leucophylla, L19 MK, purple & white giant form, Route 71, near Altha, Florida",,,,,,,
SARLEU-028S,2212CKLSLS023,028,S,,,Sarracenia,leucophylla,,,,Santa Rosa,Florida,United States,Christian Klein,CKL,023,023,,2022-12,2.6,,,,"S. leucophylla, Bearlake, Blackwater",,,,,,,
SARLEU-029S,2212CKLSLS027,029,S,,,Sarracenia,leucophylla,,,,,,United States,Christian Klein,CKL,027,027,,2022-12,2.6,,,,"S. leucophylla, covered with white hairs",,,,,,,
SARMIN-007S,2212CKLSMS009,007,S,,,Sarracenia,minor,,okefenokeensis,,Clinch,Georgia,United States,Christian Klein,CKL,009,009,MKM16F1,2022-12,2.6,,,,"S. minor var. okefenokeensis, MK M16, Giant, North East",,,,,,,
SARMIN-008S,2212CKLSMS010,008,S,,,Sarracenia,minor,,okefenokeensis,,,,United States,Christian Klein,CKL,010,010,,2022-12,2.6,,,,"S. minor var. okefenokeensis, Flamingo",,,,,,,
SARMIN-009S,2212CKLSMS011,009,S,,,Sarracenia,minor,,okefenokeensis,,,,United States,Christian Klein,CKL,011,011,,2022-12,2.6,,,,"S. minor var. okefenokeensis, Red Eyes",,,,,,,
SARPSI-004S,2212CKLSPS012,004,S,,,Sarracenia,psittacina,,okefenokeensis,,Liberty,Florida,United States,Christian Klein,CKL,012,012,,2022-12,2.6,,,,"S. psittacina var. okefenokeensis, SL 13/1 WS Giant, dark red plant, Liberty Co. Florida",,,,,,,
SARPUR-011S,2212CKLSPS013,011,S,,,Sarracenia,purpurea,purpurea,,,Grey,Ontario,Canada,Christian Klein,CKL,013,013,,2022-12,2.6,,,,"S. purpurea ssp. purpurea, veinless form, Moss Lake, Grey Co., ON Co.",,,,,,,
SARPUR-010S,2212CKLSPS014,010,S,,,Sarracenia,purpurea,purpurea,,,Grey,Ontario,Canada,Christian Klein,CKL,014,014,,2022-12,2.6,,,,"S. purpurea ssp. purpurea, Moss Lake ",,,,,,,
SARPUR-012S,2212CKLSPS017,012,S,,,Sarracenia,purpurea,venosa,,,Tattnall,Georgia,United States,Christian Klein,CKL,017,017,,2022-12,2.6,,,,"S. purpurea ssp. venosa, Clone A x B cross pollinated, Tatnall, Georgia Co",,,,,,,
SARPUR-013S,2212CKLSPS018,013,S,,,Sarracenia,purpurea,venosa,,,New Hanover,North Carolina,United States,Christian Klein,CKL,018,018,,2022-12,2.6,,,,"S. purpurea ssp. venosa, New Hannover",,,,,,,
SARPUR-014S,2212CKLSPS019,014,S,,,Sarracenia,purpurea,venosa,,,Brunswick,North Carolina,United States,Christian Klein,CKL,019,019,,2022-12,2.6,,,,"S. purpurea ssp. venosa, „All Red"" North of Supply (Green Swamp), North of Supply N.C.  --> Brunswick",,,,,,,
SARPUR-015S,2212CKLSPS020,015,S,,,Sarracenia,purpurea,venosa,,,Columbus,North Carolina,United States,Christian Klein,CKL,020,020,,2022-12,2.6,,,,"S. purpurea ssp. venosa, Near Old Dock, Columbus Co",,,,,,,
SARPUR-016S,2212CKLSPS021,016,S,,,Sarracenia,purpurea,venosa,,,Caroline,Virginia,United States,Christian Klein,CKL,021,021,,2022-12,2.6,,,,"S. purpurea ssp. venosa, Reedy Creek, Caroline Co., Virg.",,,,,,,
SARPSI-005S,2212CKLSPS024,005,S,,,Sarracenia,psittacina,,okefenokeensis,,Bay,Florida,United States,Christian Klein,CKL,024,024,,2022-12,2.6,,inferred,,"S. psittacina var. okefenokeensis, giant CK4, Yellow Flower, CK",,,,,,,
SARROS-002S,2212CKLSRS015,002,S,,,Sarracenia,rosea,,,,Calhoun,Florida,United States,Christian Klein,CKL,015,015,,2022-12,2.6,,,,"S. purpurea ssp. venosa var. burkei, Chipola Giant ",,,,,,,
SARROS-003S,2212CKLSRS016,003,S,,,Sarracenia,rosea,,,,Liberty,Florida,United States,Christian Klein,CKL,016,016,,2022-12,2.6,,,,"S. purpurea ssp. venosa var. burkei f. luteola, Liberty Co., Florida",,,,,,,
SARFLA-024S,2211DCASFS003,024,S,,,Sarracenia,flava,,ornata,,,,United States,dc.carnivores/aldebardan - Danilo Cazzaniga,DCA,3,003,,2022-11,6,,,,"FLAVA black veins #3 x flava ornata ""improved black veins""",,,,,,,
SARFLA-025S,2211DCASFS004,025,S,,,Sarracenia,flava,,ornata,,,,United States,dc.carnivores/aldebardan - Danilo Cazzaniga,DCA,4,004,,2022-11,6,,,,FLAVA ornata black veins x flava ornata “improved Black veins” ,,,,,,,
SARFLA-026S,2211DCASFS011,026,S,,,Sarracenia,flava,,,,,,United States,dc.carnivores/aldebardan - Danilo Cazzaniga,DCA,11,011,,2022-11,6,,,,FLAVA rugelii F18MK x flava atro. ‘Waccamaw',,,,,,,
SARFLA-027S,2211DCASFS019,027,S,,,Sarracenia,flava,,cuprea,,,,United States,dc.carnivores/aldebardan - Danilo Cazzaniga,DCA,19,019,,2022-11,5,,,,"FLAVA cuprea ""CK2"" x flava cuprea ""Chocolate Top""",,,,,,,
SARFLA-028S,2211DCASFS029,028,S,,,Sarracenia,flava,,rubricorpora,,,,United States,dc.carnivores/aldebardan - Danilo Cazzaniga,DCA,29,029,,2022-11,3,,,,FLAVA rubri giant F42  x self,,,,,,,
SARPUR-009S,2211DCASPS140,009,S,,,Sarracenia,purpurea,purpurea,,,Bruce,Ontario,Canada,dc.carnivores/aldebardan - Danilo Cazzaniga,DCA,140,140,,2022-11,3,,,,PURPS S. purp. “Bruce Co” x Self,,,,,,,
SARXHY-054S,2211DCASXS059,054,S,,,Sarracenia,xhybrid,,,,,,,dc.carnivores/aldebardan - Danilo Cazzaniga,DCA,59,059,,2022-11,9,,,,BLACK/REDS flava ornata Black veins own select #1 x “Roy Cheek”,,,,,,,
SARXHY-055S,2211DCASXS072,055,S,,,Sarracenia,xhybrid,,,,,,,dc.carnivores/aldebardan - Danilo Cazzaniga,DCA,72,072,,2022-11,6,,,,"WHITE/PINK S. x ""White Slack"" x leuco. ""Hurricane Creek White"" #F",,,,,,,
SARXHY-056S,2211DCASXS089,056,S,,,Sarracenia,xhybrid,,,,,,,dc.carnivores/aldebardan - Danilo Cazzaniga,DCA,89,089,,2022-11,7,,,,GIANT S. (Leah Wilkerson x Pinkish Top) x ‘Saurus’,,,,,,,
SARXHY-057S,2211DCASXS097,057,S,,,Sarracenia,xhybrid,,,,,,,dc.carnivores/aldebardan - Danilo Cazzaniga,DCA,97,097,,2022-11,12,,,,WHITE/PINK S. leuco. “Pink Spirit” x ‘Ellie Wang’ ,,,,,,,
SARXHY-058S,2211DCASXS122,058,S,,,Sarracenia,xhybrid,,,,,,,dc.carnivores/aldebardan - Danilo Cazzaniga,DCA,122,122,,2022-11,8,,,,HYBRIDS S. areolata “October Hope” x “Roy Cheek”,,,,,,,
SARXHY-059S,2211DCASXS125,059,S,,,Sarracenia,xhybrid,,,,,,,dc.carnivores/aldebardan - Danilo Cazzaniga,DCA,125,125,,2022-11,9,,,,HYBRIDS S. areolata “Supercolor” x areolata “Pink devil”,,,,,,,
SARXHY-060S,2211DCASXS130,060,S,,,Sarracenia,xhybrid,,,,,,,dc.carnivores/aldebardan - Danilo Cazzaniga,DCA,130,130,,2022-11,8,,,,HYBRIDS S. x moorei ‘Leah Wilkerson’  x “Roy Cheek”,,,,,,,
SARXHY-061S,2211DCASXS133,061,S,,,Sarracenia,xhybrid,,,,,,,dc.carnivores/aldebardan - Danilo Cazzaniga,DCA,133,133,,2022-11,8,,,,HYBRIDS S. x “Fucsia” x ‘Ellie Wang’,,,,,,,
SARXHY-062S,2211DCASXS147,062,S,,,Sarracenia,xhybrid,,,,,,,dc.carnivores/aldebardan - Danilo Cazzaniga,DCA,147,147,,2022-11,8,,,,PURPS S. “Peaches and Cream” x “Roy Cheek”,,,,,,,
SARALA-005P,2205MKESAP001,005,P,,,Sarracenia,alata,,,,,,United States,Matthias Keller,MKE,NA,001,,2022-05,0,,,,unsure,,,,,,,
SARALA-006P,2205MKESAP002,006,P,,,Sarracenia,alata,,,,,,United States,Matthias Keller,MKE,NA,002,MKA18F2,2022-05,0,,,,S. alata var. alata MK A18 F2,,,,,,,
SARFLA-012P,2205MKESFP003,012,P,,,Sarracenia,flava,,atropurpurea,,,,United States,Matthias Keller,MKE,NA,003,,2022-05,0,,,,S. flava red,,,,,,,
SARFLA-013P,2205MKESFP004,013,P,,,Sarracenia,flava,,ornata,,,,United States,Matthias Keller,MKE,NA,004,,2022-05,0,,,,,,,,,,,
SARFLA-014P,2205MKESFP005,014,P,,,Sarracenia,flava,,flava,,,,United States,Matthias Keller,MKE,NA,005,,2022-05,0,,,,,,,,,,,
SARFLA-015P,2205MKESFP006,015,P,,,Sarracenia,flava,,rubricorpora,,,,United States,Matthias Keller,MKE,NA,006,,2022-05,0,,,,,,,,,,,
SARFLA-016P,2205MKESFP007,016,P,,,Sarracenia,flava,,rubricorpora,,,,United States,Matthias Keller,MKE,NA,007,,2022-05,0,,,,DA,,,,,,,
SARORE-005P,2205MKESOP008,005,P,,,Sarracenia,oreophila,,,,,Georgia,United States,Matthias Keller,MKE,NA,008,,2022-05,0,,,,"""Heavily Veined"", Sand Hill, GA",,,,,,,
SARPUR-007P,2205MKESPP009,007,P,,,Sarracenia,purpurea,purpurea,,,Meilen,Zürich,Switzerland,Matthias Keller,MKE,NA,009,,2022-05,,,,,"Rüti, Giant",,,,,,,
SARRUB-004P,2205MKESRP010,004,P,,,Sarracenia,rubra,alabamensis,,,Autauga,Alabama,United States,Matthias Keller,MKE,NA,010,,2022-05,,,inferred,,"red form, county guessed",,,,,,,
SARRUB-005P,2205MKESRP011,005,P,,,Sarracenia,rubra,jonesii,,,Greenville,South Carolina,United States,Matthias Keller,MKE,NA,011,,2022-05,Caesar´s Head,,inferred,,"dark red form, cersars head",,,,,,,
SARXHY-051P,2205MKESXP012,051,P,,,Sarracenia,xhybrid,,,,,,,Matthias Keller,MKE,NA,012,MKH7,2022-05,0,,,,"cv. ""Brooks Hybrid""",,,,,,,
SARXHY-052P,2205MKESXP013,052,P,,,Sarracenia,xhybrid,,,,,,,Matthias Keller,MKE,NA,013,,2022-05,0,,,,Sarracenia x catesbatei - S. flava cuprea Santee Coastal reserve x purpurea venosa burkii (rosea),,,,,,,
SARXHY-053P,2205MKESXP014,053,P,,,Sarracenia,xhybrid,,,,,,,Matthias Keller,MKE,NA,014,,2022-05,0,,,,"cv. ""Smurf""",,,,,,,
SARFLA-019S,2210MPFSFS001,019,S,,,Sarracenia,flava,,ornata,,,,United States,GfP - Matthias Pfeiffer,MPF,NA,001,,2022-10,2,,,,red pubescent x self,,,,,,,
SARFLA-020S,2210MPFSFS002,020,S,,,Sarracenia,flava,,rubricorpora,,,,United States,GfP - Matthias Pfeiffer,MPF,NA,002,,2022-10,2,,,,var. ornata MS 77/1 x flava var. ornata F31,,,,,,,
SARFLA-021S,2210MPFSFS003,021,S,,,Sarracenia,flava,,,,,,United States,GfP - Matthias Pfeiffer,MPF,NA,003,,2022-10,2,,,,var ornata MS 77/1 x rubricorpora red pubesent,,,,,,,
SARFLA-022S,2210MPFSFS004,022,S,,,Sarracenia,flava,,ornata,,,,United States,GfP - Matthias Pfeiffer,MPF,NA,004,,2022-10,2,,,,var. ornata F31 x flava var. ornata MS 77/1,,,,,,,
SARFLA-023S,2210MPFSFS005,023,S,,,Sarracenia,flava,,,,,,United States,GfP - Matthias Pfeiffer,MPF,NA,005,,2022-10,2,,,,var. cuprea F218 x flava var. ornata MS 77/1,,,,,,,
SARLEU-013S,2210MPFSLS006,013,S,,,Sarracenia,leucophylla,,,,Baldwin,Alabama,United States,GfP - Matthias Pfeiffer,MPF,NA,006,,2022-10,2,"Ben's Bog, Baldwin Co., AL",,,L90 x self,,,,,,,
SARLEU-014S,2210MPFSLS007,014,S,,,Sarracenia,leucophylla,,,,Washington,Alabama,United States,GfP - Matthias Pfeiffer,MPF,NA,007,MKL40F1,2022-10,2,,,,pubescent MK L40 x self,,,,,,,
SARFLA-017P,2206RFUSFP003,017,P,,,Sarracenia,flava,,cuprea,,,,United States,Ruedi Fürst,RFU,NA,003,,2022-06,,,,,,,,,,,,
SARFLA-018P,2206RFUSFP004,018,P,,,Sarracenia,flava,,maxima,,,,United States,Ruedi Fürst,RFU,NA,004,,2022-06,,,,,,,,,,,,
SARLEU-012P,2206RFUSLP005,012,P,,,Sarracenia,leucophylla,,,,Santa Rosa,Florida,United States,Ruedi Fürst (ex. Urs Zimmermann),RFU,NA,005,,2022-06,,,,,"Yellow River Marsch Reserve, FL",,,,,,,
SARALA-007S,2211SFRSAS001,007,S,,,Sarracenia,alata,,nigropurpurea,,Forrest,Mississippi,United States,sarracenia.fr,SFR,SAL-004 B ,001,MKA27F1,2022-11,2.9,"Desoto, Mississipi",,,Beautiful large dark brown form of alata with curved lid. (MK A27),,,,,,,
SARALA-008S,2211SFRSAS002,008,S,,,Sarracenia,alata,,atrorubra,,,,United States,sarracenia.fr,SFR,SAL-009 A ,002,,2022-11,2.9,,,,Red tube. Dark red form S.alata to curved hood.,,,,,,,
SARALA-009S,2211SFRSAS003,009,S,,,Sarracenia,alata,,atrorubra,,,,United States,sarracenia.fr,SFR,SAL-009 C ,003,,2022-11,2.9,,,,"Red Skin. Completely red, inside and outside. Slightly pubescent.",,,,,,,
SARALA-010S,2211SFRSAS004,010,S,,,Sarracenia,alata,,rubrioperculata,,,,United States,sarracenia.fr,SFR,SAL-010   ,004,,2022-11,2.9,,,,"Purple throat Giant. Similar, in larger, to alata red throat. Gets huge.",,,,,,,
SARALA-014S,2212SFRSAS022,014,S,,,Sarracenia,alata,,atrorubra,,Washington,Alabama,United States,sarracenia.fr,SFR,SAL-009 B,022,,2022-12,2.9,,,,"SAL-009 B 2,90 EUR Sarracenia alata var.atrorubra (red tube)-Deer park-Al ",,,,,,,
SARALA-015S,2212SFRSAS023,015,S,,,Sarracenia,alata,,alata,,Jackson,Mississippi,United States,sarracenia.fr,SFR,SAL-015,023,,2022-12,2.9,,,,"SAL-015 2,90 EUR Sarracenia alata var.alata- red/heavy vein-Jackson Co-Mississippi ",,,,,,,
SARFLA-029S,2211SFRSFS005,029,S,,,Sarracenia,flava,,flava,,Brunswick,North Carolina,United States,sarracenia.fr,SFR,SFA-001 C ,005,,2022-11,2.9,"Green Swamp, NC, prob. Brunswick",yes,,,,,,,,,
SARFLA-030S,2211SFRSFS006,030,S,,,Sarracenia,flava,,atropurpurea,,,,United States,sarracenia.fr,SFR,SFA-002   ,006,,2022-11,2.9,,,,All red. Flava entirely red with large and very high urns. Very large rounded lid.,,,,,,,
SARFLA-031S,2211SFRSFS007,031,S,,,Sarracenia,flava,,rugelii,,,,United States,sarracenia.fr,SFR,SFA-003 Q ,007,MKF18F1,2022-11,2.9,,,,"Giant robust clone. Rugelii very large, chunky and robust.Large opening.(F18 MK)",,,,,,,
SARFLA-032S,2211SFRSFS008,032,S,,,Sarracenia,flava,,maxima,,Brunswick,North Carolina,United States,sarracenia.fr,SFR,SFA-004 D ,008,,2022-11,2.9,"Green Swamp, NC",,,Real flava var.maxima. Green entirely. Very big plant.,,,,,,,
SARFLA-033S,2211SFRSFS009,033,S,,,Sarracenia,flava,,cuprea,,,,United States,sarracenia.fr,SFR,SFA-011 M ,009,MKF153F1,2022-11,2.9,,,,"Very large form - Ph.Sheridan. One of the largest clone cuprea, more than 90 cm.MK F153",,,,,,,
SARFLA-034S,2211SFRSFS010,034,S,,,Sarracenia,flava,,ornata,,Prince George,Virginia,United States,sarracenia.fr,SFR,SFA-013 P ,010,MKF156F1,2022-11,2.9,Prince George Co. VA,,,Gorgeous vertical veins. (MK F156),,,,,,,
SARFLA-035S,2211SFRSFS011,035,S,,,Sarracenia,flava,,ornata,,,,United States,sarracenia.fr,SFR,SFA-013 T ,011,,2022-11,2.9,,,,"flava ornata largest, most vigourous, Walton Co. X flava ornata 'Red Lip' Mike Wang",,,,,,,
SARFLA-041S,2212SFRSFS024,041,S,,,Sarracenia,flava,,flava,,Dinwiddie,Virginia,United States,sarracenia.fr,SFR,SFA-001 L,024,,2022-12,2.9,,,,"SFA-001 L 2,90 EUR Sarracenia flava var.flava - Shand's Bog",,,,,,,
SARLEU-015S,2211SFRSLS012,015,S,,,Sarracenia,leucophylla,,leucophylla,,Baldwin,Alabama,United States,sarracenia.fr,SFR,SLE-001 R1,012,,2022-11,2.9," Gas Station Site, Perdido, AL ",,,Elegant leucophylla. Site now been drained for bulding!,,,,,,,
SARLEU-016S,2211SFRSLS013,016,S,,,Sarracenia,leucophylla,,,,,,United States,sarracenia.fr,SFR,SLE-001 R2,013,,2022-11,2.9,,,,Green & White form,,,,,,,
SARLEU-017S,2211SFRSLS014,017,S,,,Sarracenia,leucophylla,,,,Baldwin,Alabama,United States,sarracenia.fr,SFR,SLE-001 U2,014,,2022-11,2.9,"Gas Station Site, Pedido, AL",,,Red & White,,,,,,,
SARLEU-018S,2211SFRSLS015,018,S,,,Sarracenia,leucophylla,,leucophylla,,Baldwin,Alabama,United States,sarracenia.fr,SFR,SLE-001 X ,015,,2022-11,2.9,"Ctenium Fields, Perdido, AL ",,,Superb leucophylla very bright.,,,,,,,
SARLEU-019S,2211SFRSLS016,019,S,,,Sarracenia,leucophylla,,alba,,Baldwin,Alabama,United States,sarracenia.fr,SFR,SLE-003 G ,016,,2022-11,5,Hurricane Creek,,,"Hurricane Creek White, HCW",,,,,,,
SARLEU-020S,2211SFRSLS017,020,S,,,Sarracenia,leucophylla,,leucophylla,,Washington,Alabama,United States,sarracenia.fr,SFR,SLE-016 B ,017,,2022-11,2.9,Deer Park,,,"Large form, red / white pitchers. Very large leucophylla, well colorful.",,,,,,,
SARLEU-021S,2211SFRSLS018,021,S,,,Sarracenia,leucophylla,,leucophylla,,Mobile,Alabama,United States,sarracenia.fr,SFR,SLE-033   ,018,,2022-11,2.9,"Mobile Co., AL",,,var. leucophylla (Tall Pitchers),,,,,,,
SARLEU-022S,2211SFRSLS019,022,S,,,Sarracenia,leucophylla,,leucophylla,,Washington,Alabama,United States,sarracenia.fr,SFR,SLE-040   ,019,,2022-11,2.9,Washington Co.,,,var. leucophylla. Large very bright leucophylla.,,,,,,,
SARLEU-023S,2211SFRSLS020,023,S,,,Sarracenia,leucophylla,,,,Mobile,Alabama,United States,sarracenia.fr,SFR,SLE-042   ,020,MKL82F1,2022-11,2.9,Citronelle AL,,,"Pouty Lip. Sarracenia with ""pouting"" red lips. MK L82",,,,,,,
SARLEU-024S,2211SFRSLS021,024,S,,,Sarracenia,leucophylla,,leucophylla,,Baldwin,Alabama,United States,sarracenia.fr,SFR,SLE-049   ,021,,2022-11,2.9,"Splinter Hills Bog, Perdido, AL",,,"var. leucophylla. Very colorful plant, white and red.",,,,,,,
SARLEU-030S,2212SFRSLS025,030,S,,,Sarracenia,leucophylla,,leucophylla,,Walton,Florida,United States,sarracenia.fr,SFR,SLE-043,025,,2022-12,2.9,,,,"SLE-043 5,00 EUR Sarracenia leucophylla var.leucophylla Wilkerson Bog.FL ",,,,,,,
SARORE-006S,2212SFRSOS026,006,S,,,Sarracenia,oreophila,,oreophila,,Cherokee,Alabama,United States,sarracenia.fr,SFR,SOR-001 G,026,,2022-12,2.9,,,,"SOR-001 G Sarracenia oreophila var.oreophila- Centre Al. 1 2,90 EUR 2,90 EUR --> guess MKO08",,,,,,,
SARORE-007S,2212SFRSOS027,007,S,,,Sarracenia,oreophila,,oreophila,,Cherokee,Alabama,United States,sarracenia.fr,SFR,SOR-001 H,027,,2022-12,2.9,,,,"SOR-001 H Sarracenia oreophila var.oreophila- Cherokee Co. AL 1 2,90 EUR 2,90 EUR",,,,,,,
SARORE-008S,2212SFRSOS028,008,S,,,Sarracenia,oreophila,,ornata,,De Kalb,Alabama,United States,sarracenia.fr,SFR,SOR-006 B,028,,2022-12,2.9,,inferred,,"SOR-006 B Sarracenia oreophila var.oreophila - Sand Mountain -Al 1 2,90 EUR 2,90 EUR. --> guess: MKO07 --> MW gueess DeKalb",,,,,,,
SARXHY-102S,2212TNISXS001,102,S,,,Sarracenia,xhybrid,,,,,,,SSC2223 - Thomas Niederhofer - Jägerwirth 46 - DE-94081 Füstenzell,TNI,DE1,001,,2022-12,0,,,,"S. ((leucophylla x flava var. ornata) x ""Adrian Slack"") ""T"" x ""Inspiration"" --> [sister of ""Inspiration"" x ""Inspiration""]",,,,,,,
SARXHY-103S,2212TNISXS002,103,S,,,Sarracenia,xhybrid,,,,,,,SSC2223 - Thomas Niederhofer - Jägerwirth 46 - DE-94081 Füstenzell,TNI,DE2,002,,2022-12,0,,,,"S. ((leucophylla x flava var. ornata) x ""Adrian Slack"") ""T"" x ((leucophylla x oreophylla) x ""D"" x ""Inspiration"") --> [sister of ""Inspiration"" x sister of ""Bloody Punch""]",,,,,,,
SARXHY-104S,2212TNISXS003,104,S,,,Sarracenia,xhybrid,,,,,,,SSC2223 - Thomas Niederhofer - Jägerwirth 46 - DE-94081 Füstenzell,TNI,DE3,003,,2022-12,0,,,,"S. ""Rudolf II"" x (""Premysl Otakar I."" x purp. ven. montana) ""C""",,,,,,,
SARXHY-105S,2212TNISXS004,105,S,,,Sarracenia,xhybrid,,,,,,,SSC2223 - Thomas Niederhofer - Jägerwirth 46 - DE-94081 Füstenzell,TNI,DE4,004,,2022-12,0,,,,"S. (flava var. ornata x oreophila) ""A"" x ((flava var. ornata x oreophila) x purp. ven. montanta) ""C“)",,,,,,,
SARXHY-106S,2212TNISXS005,106,S,,,Sarracenia,xhybrid,,,,,,,SSC2223 - Thomas Niederhofer - Jägerwirth 46 - DE-94081 Füstenzell,TNI,DE5,005,,2022-12,0,,,,"S. (leucophylla L22D x (flava var. ornata x psittacina)) ""2"" x ((leucophylla x oreophylla) x leucophylla L30A)",,,,,,,
SARXHY-107S,2212TNISXS006,107,S,,,Sarracenia,xhybrid,,,,,,,SSC2223 - Thomas Niederhofer - Jägerwirth 46 - DE-94081 Füstenzell,TNI,DE6,006,,2022-12,0,,,,"S. (leucophylla L22D x (flava var. ornata x psittacina)) ""1"" x ((leucophylla x oreophylla) x leucophylla L30A)",,,,,,,
SARXHY-108S,2212TNISXS007,108,S,,,Sarracenia,xhybrid,,,,,,,SSC2223 - Thomas Niederhofer - Jägerwirth 46 - DE-94081 Füstenzell,TNI,DE7,007,,2022-12,0,,,,"S. areolata SX149 CA x ""Adrian Slack""",,,,,,,
SARPUR-008P,2206WCOSPP001,008,P,,,Sarracenia,purpurea,purpurea,,,Riviera_Pays-d'Enhaut,Vaud,Switzerland,NA,WCO,NA,001,,2022-06,,,,,Les Tenasses,,,,,,,
SARALA-020P,2303ADRSAP001,020,P,,,Sarracenia,alata,,rubrioperculata,,,,United States,Amar Dravid,ADR,001,001,,2023-03,,,,,"Large maroon throat, (EEE, 2006), gekauft von Urs Zimmermann, 20.04.2018",,,,,,,
SARLEU-038P,2303ADRSLP002,038,P,,,Sarracenia,leucophylla,,,,,,United States,Amar Dravid,ADR,002,002,,2023-03,20,,,,"Dark, red tube, Division of 2015 plant, bought 15.05.2018 (piantamania, before Christian Klein)",,,,,,,
SARXHY-171P,2303ADRSXP003,171,P,,,Sarracenia,xhybrid,,,,Walton,Florida,United States,Amar Dravid,ADR,003,003,MKH112,2023-03,,,,,"H112 Sarracenia 'Leah Wilkerson' (flava * leuc) gekauft von Sven Vervloesem,  23.04.2019, vorher Guillaume Billy (auf Facebook nennt er sich Guilom Byli Brooks Garcia 2004",,,,,,,
SARXHY-172P,2303ADRSXP004,172,P,,,Sarracenia,xhybrid,,,,,,,Amar Dravid,ADR,004,004,,2023-03,,,,,"'Leviathan' (Slack's large leuco × Slack's Maxima) gekauft von Paul Young, 15.05.2018, vorher Chris Rawlings ",,,,,,,
SARXHY-173P,2303ADRSXP005,173,P,,,Sarracenia,xhybrid,,,,,,,Amar Dravid,ADR,005,005,,2023-03,,,,,"Welsh Dragon (flava rugelii * 'Schnell's Ghost') gekauft von Ian Salter, 25.04.2018",,,,,,,
SARXHY-174P,2303ADRSXP006,174,P,,,Sarracenia,xhybrid,,,,,,,Amar Dravid,ADR,006,006,,2023-03,,,,,"'Tapestry' (oreophila × purpurea) gekauft von Stephen Morley 27.04.2016, vorher Ian Wright, vorher Oudean's Willow Creek Nursery, Washington ",,,,,,,
SARLEU-035P,2303BGKSLP001,035,P,,,Sarracenia,leucophylla,,,,,,United States,BG Konstanz,BGK,001,001,,2023-03,,,,,,,,,,,,
SARALA-019P,2303CKLSAP040,019,P,,,Sarracenia,alata,,,,Jasper,Texas,United States,Christian Klein,CKL,SAL_40,040,,2023-03,20,,,,"alata „Yellow, Bulbous Pitchers“, Jasper,Co     20",,,,,,,
SARLEU-033P,2303CKLSLP038,033,P,,,Sarracenia,leucophylla,,,,Baldwin,Alabama,United States,Christian Klein,CKL,SLE_38,038,,2023-03,22,Perdido,,,leucophylla „Tarnock“     22,,https://legacy.carnivorousplants.org/cpn/Species/v22n4p107_108.html,,,,,
SARLEU-032P,2303CKLSLP114,032,P,,,Sarracenia,leucophylla,,,,Sumter,Georgia,United States,Christian Klein,CKL,SLE_114,114,,2023-03,18,,,,"leucophylla, Sumter Co, near Americus, 30-40 cm     18",,,,,,,
SARLEU-034P,2303CKLSLPNA1,034,P,,,Sarracenia,leucophylla,,,,,,United States,Christian Klein,CKL,NA,NA1,,2023-03,0,,,,,,,,,,,
SARMIN-010P,2303CKLSMP029,010,P,,,Sarracenia,minor,,okefenokeensis,,,,United States,Christian Klein,CKL,SMI_29,029,MKM18,2023-03,30,,,,"minor var. okefenokeenis, ex Alastair Culham, Reading Clone, (MK M 18)",,,,,,,
SARPSI-007P,2303CKLSPP020,007,P,,,Sarracenia,psittacina,,okefenokeensis,,,,,Christian Klein,CKL,SPS_20,020,,2023-03,29,,,,"psittacina var. okefenokeensis, Clone 1     29",,,,,,,
SARPUR-018P,2303CKLSPP028,018,P,,,Sarracenia,purpurea,venosa,montana,,Transylvania,Georgia,United States,Christian Klein,CKL,SPU_28,028,,2023-03,22,,,,purpurea ssp. venosa var. montana Transylvania Co     22,,,,,,,
SARPUR-019P,2303CKLSPPNA2,019,P,,,Sarracenia,purpurea,venosa,montana,,Rabun,Georgia,United States,Christian Klein,CKL,SPU_30,NA2,,2023-03,20,,,,"purpurea ssp. venosa var. montana, Oakey Mt, Rabun Co., Georgia,",,,,,,,
SARPUR-020P,2303CKLSPPNA3,020,P,,,Sarracenia,purpurea,,,,,,,Christian Klein,CKL,NA,NA3,,2023-03,,,,,,,,,,,,
SARRUB-006P,2303CKLSRP027,006,P,,,Sarracenia,rubra,rubra,,,Crawford,Georgia,United States,Christian Klein,CKL,SRU_27,027,,2023-03,16,,,,"rubra ssp. rubra „Ancestral Form“, Crawford Co., PW RR 01“     1",,,,,,,
SARXHY-109S,2301JSHSXS001,109,S,,,Sarracenia,xhybrid,,,,,,,jan.sion.habrman@gmail.com,JSH,1,001,,2023-01,1,,,giant,H112 S. x moorei `Leah Wilkerson’XS. Leucophylla MK L142A/ L30A Srba,,,,,,,
SARXHY-110S,2301JSHSXS002,110,S,,,Sarracenia,xhybrid,,,,,,,jan.sion.habrman@gmail.com,JSH,2,002,,2023-01,1,,,giant,"S. (S. Leah Wilkerson x S. Flava ""Goldie"")XS. Leucophylla MK L142A/ L30A Srba",,,,,,,
SARXHY-111S,2301JSHSXS003,111,S,,,Sarracenia,xhybrid,,,,,,,jan.sion.habrman@gmail.com,JSH,3,003,,2023-01,1,,,giant,S. Leucophylla MK L142A/ L30A SrbaXH112 S. x moorei `Leah Wilkerson’,,,,,,,
SARXHY-112S,2301JSHSXS004,112,S,,,Sarracenia,xhybrid,,,,,,,jan.sion.habrman@gmail.com,JSH,4,004,,2023-01,1,,,giant,H393 MK Sarracenia x Leviathan XS. Leucophylla L30D MS,,,,,,,
SARXHY-113S,2301JSHSXS005,113,S,,,Sarracenia,xhybrid,,,,,,,jan.sion.habrman@gmail.com,JSH,5,005,,2023-01,1,,,giant,S. Leucophylla L30D MSXH393 MK Sarracenia x Leviathan,,,,,,,
SARXHY-114S,2301JSHSXS006,114,S,,,Sarracenia,xhybrid,,,,,,,jan.sion.habrman@gmail.com,JSH,6,006,,2023-01,1,,,giant,H7 S. x moorei ´Brooks´ Hybrid´ XS. Leucophylla MK L142A/ L30A Srba,,,,,,,
SARXHY-115S,2301JSHSXS007,115,S,,,Sarracenia,xhybrid,,,,,,,jan.sion.habrman@gmail.com,JSH,7,007,,2023-01,1,,,giant,H224 S. x ´John David King´ XS. Leucophylla MK L142A/ L30A Srba,,,,,,,
SARXHY-116S,2301JSHSXS008,116,S,,,Sarracenia,xhybrid,,,,,,,jan.sion.habrman@gmail.com,JSH,8,008,,2023-01,1,,,giant,S. ('Leah Wilkerson' x 'Adrian Slack') klon G SrbaXH224 S. x ´John David King´,,,,,,,
SARXHY-117S,2301JSHSXS009,117,S,,,Sarracenia,xhybrid,,,,,,,jan.sion.habrman@gmail.com,JSH,9,009,,2023-01,1,,,giant,Leucophylla GiantXH113 S. x moorei `Adrian Slack’,,,,,,,
SARXHY-118S,2301JSHSXS010,118,S,,,Sarracenia,xhybrid,,,,,,,jan.sion.habrman@gmail.com,JSH,10,010,,2023-01,1,,,giant,H211 S. x moorei ‘Wilkerson White Knight’XS. Leucophylla MK L142A/ L30A Srba,,,,,,,
SARXHY-119S,2301JSHSXS011,119,S,,,Sarracenia,xhybrid,,,,,,,jan.sion.habrman@gmail.com,JSH,11,011,,2023-01,1,,,red leuco-like constant growing,S. ('Přemysl Otakar I.' x Adrian Slack) klon A X S. Leucophylla - L1A Sarzi (Red Leuco),,,,,,,
SARXHY-120S,2301JSHSXS012,120,S,,,Sarracenia,xhybrid,,,,,,,jan.sion.habrman@gmail.com,JSH,12,012,,2023-01,1,,,red leuco-like constant growing,"S. x ""Katerina""XS. 'Přemysl Otakar I.' x 'Adrian Slack' klon B (3) Srba",,,,,,,
SARXHY-121S,2301JSHSXS013,121,S,,,Sarracenia,xhybrid,,,,,,,jan.sion.habrman@gmail.com,JSH,13,013,,2023-01,1,,,red leuco-like constant growing,S. Leucophylla - L1A Sarzi (Red Leuco)X S. 'Přemysl Otakar I.' x 'Adrian Slack' klon B (3) Srba,,,,,,,
SARXHY-122S,2301JSHSXS014,122,S,,,Sarracenia,xhybrid,,,,,,,jan.sion.habrman@gmail.com,JSH,14,014,,2023-01,1,,,red leuco-like constant growing,S. x areolata x leucophylla H79 Yuri SarziX S. 'Přemysl Otakar I.' x 'Adrian Slack' klon B (3) Srba,,,,,,,
SARXHY-123S,2301JSHSXS015,123,S,,,Sarracenia,xhybrid,,,,,,,jan.sion.habrman@gmail.com,JSH,15,015,,2023-01,1,,,red leuco-like constant growing,H109 Sarracenia x `Dana’s Delight’ XS. 'Přemysl Otakar I.' x 'Adrian Slack' klon B (3) Srba,,,,,,,
SARXHY-124S,2301JSHSXS016,124,S,,,Sarracenia,xhybrid,,,,,,,jan.sion.habrman@gmail.com,JSH,16,016,,2023-01,1,,,red leuco-like constant growing,"H13 GC S.X "" AREOLATA "" BLACK SELECTION X S. 'Přemysl Otakar I.' x 'Adrian Slack' klon B (3) Srba",,,,,,,
SARXHY-125S,2301JSHSXS017,125,S,,,Sarracenia,xhybrid,,,,,,,jan.sion.habrman@gmail.com,JSH,17,017,,2023-01,1,,,red leuco-like constant growing,"S. 'Přemysl Otakar I.' x 'Adrian Slack' klon B (3) SrbaX H13 GC S.X "" AREOLATA "" BLACK SELECTION",,,,,,,
SARXHY-126S,2301JSHSXS018,126,S,,,Sarracenia,xhybrid,,,,,,,jan.sion.habrman@gmail.com,JSH,18,018,,2023-01,1,,,Dark Red (Flava x Alata) constant growing crosses,S. Flava var. Atropurpurea F130E MSXS. x Black Widow,,,,,,,
SARXHY-127S,2301JSHSXS019,127,S,,,Sarracenia,xhybrid,,,,,,,jan.sion.habrman@gmail.com,JSH,19,019,,2023-01,1,,,Dark Red (Flava x Alata) constant growing crosses,S. Alata var. Nigropurpurea 'Night'XS. Flava var. Atropurpurea F130E MS,,,,,,,
SARXHY-128S,2301JSHSXS020,128,S,,,Sarracenia,xhybrid,,,,,,,jan.sion.habrman@gmail.com,JSH,20,020,,2023-01,1,,,Dark Red (Flava x Alata) constant growing crosses,S. Flava var. Atropurpurea F196C MSXS. x Black Widow,,,,,,,
SARXHY-129S,2301JSHSXS021,129,S,,,Sarracenia,xhybrid,,,,,,,jan.sion.habrman@gmail.com,JSH,21,021,,2023-01,1,,,intstng moorei,H10 S. x ´Lynda Butt´ XS. Leucophylla - L1A Sarzi (Red Leuco),,,,,,,
SARXHY-130S,2301JSHSXS022,130,S,,,Sarracenia,xhybrid,,,,,,,jan.sion.habrman@gmail.com,JSH,22,022,,2023-01,1,,,intstng moorei,"S. Leucophylla MK L81 ""Helmuth's delight""XS. Leucophylla - L1A Sarzi (Red Leuco)",,,,,,,
SARXHY-131S,2301JSHSXS023,131,S,,,Sarracenia,xhybrid,,,,,,,jan.sion.habrman@gmail.com,JSH,23,023,,2023-01,1,,,other intsting,H138 S. x “Crimson Queen” (leucophylla x oreophila)XS. 'Přemysl Otakar I.' x 'Adrian Slack' klon B (3) Srba,,,,,,,
SARXHY-132S,2301JSHSXS024,132,S,,,Sarracenia,xhybrid,,,,,,,jan.sion.habrman@gmail.com,JSH,24,024,,2023-01,1,,,other intsting,S. Alata var. Nigropurpurea 'Night'XS. Leucophylla - L1A Sarzi,,,,,,,
SARXHY-133S,2301JSHSXS025,133,S,,,Sarracenia,xhybrid,,,,,,,jan.sion.habrman@gmail.com,JSH,25,025,,2023-01,1,,,other intsting,"S. x (Oreophila x Leucophylla) (deformed lid)XSarracenia flava var. ornata ´Lidless´, Green Jaws",,,,,,,
SARXHY-134S,2301JSHSXS026,134,S,,,Sarracenia,xhybrid,,,,,,,jan.sion.habrman@gmail.com,JSH,26,026,,2023-01,1,,,other intsting,S. Leucophylla x Oreophila (Botanical Garden Prague)XS. Leucophylla MK L142A/ L30A Srba,,,,,,,
SARXHY-135S,2301JSHSXS027,135,S,,,Sarracenia,xhybrid,,,,,,,jan.sion.habrman@gmail.com,JSH,27,027,,2023-01,1,,,other intsting,S. Leucophylla x Oreophila (Botanical Garden Prague)XH393 MK Sarracenia x Leviathan,,,,,,,
SARALA-016S,2302MFCSAS003,016,S,,,Sarracenia,alata,,nigropurpurea,,Stone,Mississippi,United States,Michelle Carolin Förster - MFC Karnivoren,MFC,003,003,MKA28F1,2023-02,3,DeSoto SF,,,"A28 S. alata Black tube Stocky pubescent, Desoto SF x self",,,,,,,
SARPUR-017S,2302MFCSPS005,017,S,,,Sarracenia,purpurea,purpurea,,,,British Columbia,Canada,Michelle Carolin Förster - MFC Karnivoren,MFC,005,005,,2023-02,2.5,Fort Nelson,,,S. purpurea 'Fort Nelson' x self,,,,,,,
SARPSI-006S,2302MFCSPS006,006,S,,,Sarracenia,psittacina,,,,Mobile,Alabama,United States,Michelle Carolin Förster - MFC Karnivoren,MFC,006,006,,2023-02,5,Citronelle,,,Sarracenia Psittacina near Citronelle x self,,,,,,,
SARXHY-136S,2302MFCSXS001,136,S,,,Sarracenia,xhybrid,,,,,,,Michelle Carolin Förster - MFC Karnivoren,MFC,001,001,,2023-02,3.5,,,,Samen O5 x Leah Wilkerson,,,,,,,
SARXHY-137S,2302MFCSXS002,137,S,,,Sarracenia,xhybrid,,,,,,,Michelle Carolin Förster - MFC Karnivoren,MFC,002,002,,2023-02,3,,,,S. x Leah Wilkerson x S. alata A28 Black tube ,,,,,,,
SARXHY-138S,2302MFCSXS004,138,S,,,Sarracenia,xhybrid,,,,,,,Michelle Carolin Förster - MFC Karnivoren,MFC,004,004,,2023-02,3.5,,,,O7 x orephila x A28 alata black tube,,,,,,,
SARALA-017P,2302THOSAP001,017,P,,,Sarracenia,alata,,,,,,United States,Tom Hohlenstein,THO,NA,001,,2023-02,14,,,,"Pubescent Black DeSoto, old german clone ex. Christian Klein",,,,,,,
SARALA-018P,2302THOSAP002,018,P,,,Sarracenia,alata,,,,,,United States,Tom Hohlenstein,THO,NA,002,,2023-02,14,,,,Giant Veined,,,,,,,
SARFLA-046P,2302THOSFP003,046,P,,,Sarracenia,flava,,ornata,,,,United States,Tom Hohlenstein,THO,NA,003,,2023-02,14,,,,CK2,,,,,,,
SARLEU-031P,2302THOSLP004,031,P,,,Sarracenia,leucophylla,,,,,,United States,Tom Hohlenstein,THO,NA,004,,2023-02,14,,,,very tall grower EEE 2011 ex. Green Jaws,,,,,,,
SARLEU-036P,2303THOSLP010,036,P,,,Sarracenia,leucophylla,,,,Baldwin,Alabama,United States,Tom Hohlenstein,THO,NA,010,,2023-03,70,,,,HCW Clone A,,,,,,,
SARLEU-037P,2303THOSLP011,037,P,,,Sarracenia,leucophylla,,,,,,United States,Tom Hohlenstein,THO,NA,011,,2023-03,30,,,,"Burgundy. Red & White, Phil Sheridan",,,,,,,
SARXHY-139P,2302THOSXP005,139,P,,,Sarracenia,xhybrid,,,,,,,Tom Hohlenstein,THO,NA,005,,2023-02,14,,,,sehr dunkle hybride von Ruedi fürst,,,,,,,
SARXHY-140P,2302THOSXP006,140,P,,,Sarracenia,xhybrid,,,,,,,Tom Hohlenstein,THO,NA,006,,2023-02,14,,,,juthatip soper,,,,,,,
SARXHY-141P,2302THOSXP007,141,P,,,Sarracenia,xhybrid,,,,,,,Tom Hohlenstein,THO,NA,007,,2023-02,14,,,,x areolata sx149,,,,,,,
SARXHY-142P,2302THOSXP008,142,P,,,Sarracenia,xhybrid,,,,,,,Tom Hohlenstein,THO,NA,008,MKH113,2023-02,14,,,,Adrian Slack,,,,,,,
SARXHY-143P,2302THOSXP009,143,P,,,Sarracenia,xhybrid,,,,,,,Tom Hohlenstein,THO,NA,009,,2023-02,,,,,Elisabeth,,,,,,,
SARFLA-047S,2302WCCSFS013,047,S,,,Sarracenia,flava,,rubricorpora,,,,United States,West Cornwall Carnivores,WCC,13,013,MKF71F1,2023-02,1.1,,,,"Flava F71MK x self --> F71 var. rubricorpora,Giant Red Tube,W,(F41,JA)",,,,,,,
SARXHY-144S,2302WCCSXS001,144,S,,,Sarracenia,xhybrid,,,,,,,West Cornwall Carnivores,WCC,1,001,,2023-02,1.1,,,,Leviathan x Flava F149MK,,,,,,,
SARXHY-145S,2302WCCSXS002,145,S,,,Sarracenia,xhybrid,,,,,,,West Cornwall Carnivores,WCC,2,002,,2023-02,1.1,,,,Moorei H62MK x Flava SFA19,,,,,,,
SARXHY-146S,2302WCCSXS003,146,S,,,Sarracenia,xhybrid,,,,,,,West Cornwall Carnivores,WCC,3,003,,2023-02,1.1,,,,Flava Atropurpurea Blackwater x (Leah Wilkerson x Adrian Slack) F,,,,,,,
SARXHY-147S,2302WCCSXS004,147,S,,,Sarracenia,xhybrid,,,,,,,West Cornwall Carnivores,WCC,4,004,,2023-02,1.1,,,,(Brooks Hybrid x Lynda Butt) x Mottled hybrid,,,,,,,
SARXHY-148S,2302WCCSXS005,148,S,,,Sarracenia,xhybrid,,,,,,,West Cornwall Carnivores,WCC,5,005,,2023-02,1.1,,,,(Flava Rugelii x Daniel Rudd) Inverted Veins x Mottled hybrid,,,,,,,
SARXHY-149S,2302WCCSXS006,149,S,,,Sarracenia,xhybrid,,,,,,,West Cornwall Carnivores,WCC,6,006,,2023-02,1.1,,,,(Moorei x Moorei x Brooks Hybrid) x (Leah Wilkerson x Adrian Slack) A,,,,,,,
SARXHY-150S,2302WCCSXS007,150,S,,,Sarracenia,xhybrid,,,,,,,West Cornwall Carnivores,WCC,7,007,,2023-02,1.1,,,,Areolata Trinita x SXM54,,,,,,,
SARXHY-151S,2302WCCSXS008,151,S,,,Sarracenia,xhybrid,,,,,,,West Cornwall Carnivores,WCC,8,008,,2023-02,1.1,,,,(Brooks Hybrid x Leah Wilkerson)cl3 x Adrian Slack,,,,,,,
SARXHY-152S,2302WCCSXS009,152,S,,,Sarracenia,xhybrid,,,,,,,West Cornwall Carnivores,WCC,9,009,,2023-02,1.1,,,,(Leah Wilkerson x Leucophylla) cl 3 x Copper Vase,,,,,,,
SARXHY-153S,2302WCCSXS010,153,S,,,Sarracenia,xhybrid,,,,,,,West Cornwall Carnivores,WCC,10,010,,2023-02,1.1,,,,(Leah Wilkerson x Leucophylla) cl10 x Copper Vase,,,,,,,
SARXHY-154S,2302WCCSXS011,154,S,,,Sarracenia,xhybrid,,,,,,,West Cornwall Carnivores,WCC,11,011,,2023-02,1.1,,,,(Bud Wilkerson x WWK) x Flava Goldie,,,,,,,
SARXHY-155S,2302WCCSXS012,155,S,,,Sarracenia,xhybrid,,,,,,,West Cornwall Carnivores,WCC,12,012,,2023-02,1.1,,,,Wilkerson Red OP x Copper Vase,,,,,,,
SARXHY-156S,2302WCCSXS014,156,S,,,Sarracenia,xhybrid,,,,,,,West Cornwall Carnivores,WCC,14,014,,2023-02,1.1,,,,Leah Wilkerson x Mottled,,,,,,,
SARXHY-157S,2302WCCSXS015,157,S,,,Sarracenia,xhybrid,,,,,,,West Cornwall Carnivores,WCC,15,015,,2023-02,1.1,,,,Leucophylla L22a Mirsoslav x Mottled,,,,,,,
SARXHY-158S,2302WCCSXS016,158,S,,,Sarracenia,xhybrid,,,,,,,West Cornwall Carnivores,WCC,16,016,,2023-02,1.1,,,,Leucophylla L39aMK x Flava F149MK,,,,,,,
SARXHY-159S,2302WCCSXS017,159,S,,,Sarracenia,xhybrid,,,,,,,West Cornwall Carnivores,WCC,17,017,,2023-02,4,,,,Sarracenia Monster x Arthur Wheeler,,,,,,,
SARXHY-160S,2302WCCSXS018,160,S,,,Sarracenia,xhybrid,,,,,,,West Cornwall Carnivores,WCC,18,018,,2023-02,4,,,,Sarracenia Flava Manky x Glynis Wheeler,,,,,,,
SARXHY-161S,2302WCCSXS019,161,S,,,Sarracenia,xhybrid,,,,,,,West Cornwall Carnivores,WCC,19,019,,2023-02,4,,,,Sarracenia Monster x Flava Goldie,,,,,,,
SARXHY-162S,2302WCCSXS020,162,S,,,Sarracenia,xhybrid,,,,,,,West Cornwall Carnivores,WCC,20,020,,2023-02,4,,,,Sarracenia Moorei Joe Cornwell x Adrian Slack,,,,,,,
SARXHY-163S,2302WCCSXS021,163,S,,,Sarracenia,xhybrid,,,,,,,West Cornwall Carnivores,WCC,21,021,,2023-02,4,,,,Sarracenia Rainbow x Atlas 5,,,,,,,
SARXHY-164S,2302WCCSXS022,164,S,,,Sarracenia,xhybrid,,,,,,,West Cornwall Carnivores,WCC,22,022,,2023-02,4,,,,Sarracenia Harry Wheeler x Lilith,,,,,,,
SARXHY-165S,2302WCCSXS023,165,S,,,Sarracenia,xhybrid,,,,,,,West Cornwall Carnivores,WCC,23,023,,2023-02,4,,,,Sarracenia Leah Wilkerson x Leucophylla Hurrican Creek F,,,,,,,
SARXHY-166S,2302WCCSXS024,166,S,,,Sarracenia,xhybrid,,,,,,,West Cornwall Carnivores,WCC,24,024,,2023-02,4,,,,Sarracenia Leah Wilkerson x Flava F149MK,,,,,,,
SARXHY-167S,2302WCCSXS025,167,S,,,Sarracenia,xhybrid,,,,,,,West Cornwall Carnivores,WCC,25,025,,2023-02,4,,,,Sarracenia (Troll x Adrian Slack) F x Glynis Wheeler,,,,,,,
SARXHY-168S,2302WCCSXS026,168,S,,,Sarracenia,xhybrid,,,,,,,West Cornwall Carnivores,WCC,26,026,,2023-02,0,,,,Jui x Helen Mary,,,,,,,
SARXHY-169S,2302WCCSXS027,169,S,,,Sarracenia,xhybrid,,,,,,,West Cornwall Carnivores,WCC,27,027,,2023-02,0,,,,Moorei All Red H61 x Leah Wilkerson,,,,,,,
SARXHY-170S,2302WCCSXS028,170,S,,,Sarracenia,xhybrid,,,,,,,West Cornwall Carnivores,WCC,28,028,,2023-02,0,,,,Welsh Dragon x Black Widow,,,,,,,
SARPUR-021P,2303WCOSPP001,021,P,,,Sarracenia,purpurea,purpurea,,Ebnat-Kappel,,St. Gallen,Switzerland,,WCO,NA,001,,2023-03,NA,,,,var. stolonifera,,,,,,,
,2310SFRSAS001,,S,,,Sarracenia,alata,,ornata,NA,NA,NA,NA,sarracenia.fr,SFR,SAL-019 A,001,MKA49F1,2023-10,"4,00 ",,,,"Sarracenia alata var.ornata (heavy veins, turning red) Very veined variety, traps turn red.MK A49",,,,,,,
,2310SFRSAS002,,S,,,Sarracenia,alata,,nigropurpurea,NA,NA,NA,NA,sarracenia.fr,SFR,SAL-023,002,,2023-10,"5,00 ",,,,"Sarracenia alata “Night"" Alata with very large, very dark red urns turning almost black in late summer.",,,,,,,
,2310SFRSFS003,,S,,,Sarracenia,flava,,flava,Homerville Airport,Ware,Georgia,United States,sarracenia.fr,SFR,SFA-001 K,003,,2023-10,"3,00 ",,,,Sarracenia flava var.flava - Homerville Airport. Ware Co.,,,,,,,
,2310SFRSFS004,,S,,,Sarracenia,flava,,rugelii,NA,Ben Hill,Georgia,United States,sarracenia.fr,SFR,SFA-003 A,004,,2023-10,"3,00 ",,,,Sarracenia flava var.rugelii Rugelii high red spot at the top. Large urns to 8/10 cm in diameter.,,,,,,,
,2310SFRSFS005,,S,,,Sarracenia,flava,,rugelii,NA,NA,NA,NA,sarracenia.fr,SFR,SFA-003 C,005,,2023-10,"3,00 ",,,,Sarracenia flava var.rugelii - Ben Hill County Flava var.rugelii great and vigoureux.Magnifique plant.,,,,,,,
,2310SFRSFS006,,S,,,Sarracenia,flava,,cuprea,NA,NA,NA,NA,sarracenia.fr,SFR,SFA-011 Q,006,,2023-10,"3,00 ",,,,Sarracenia flava var.cuprea 'Opawa Emperor' F2 Superb cultivar of flava cuprea. Incomparable colors and sizes,,https://legacy.carnivorousplants.org/cpn/Species/v38n2p56_58.html,,,,,
,2310SFRSFS007,,S,,,Sarracenia,flava,,ornata,NA,NA,NA,NA,sarracenia.fr,SFR,SFA-013 X,007,,2023-10,"3,00 ",,,,"Sarracenia flava var.ornata “Horyna""",,,,,,,
,2310SFRSFS008,,S,,,Sarracenia,flava,,rubricorpora,Holley,Santa Rosa,Florida,United States,sarracenia.fr,SFR,SFA-014 I,008,MKF84F1,2023-10,"3,00 ",,,,Sarracenia flava var.rubricorpora (red tube) - Holley Superb rubricorpora large red stain on the collar and cap pretty strongly véiné.MK F84,,,,,,,
,2310SFRSFS009,,S,,,Sarracenia,flava,,rubricorpora,Milton,Santa Rosa,Florida,United States,sarracenia.fr,SFR,SFA-014 L,009,MKF48F1,2023-10,"3,00 ",,,,"Sarracenia flava var.rubricorpora - Milton Beautiful and very large red rubricorpora. Milton, Santa Rosa County, Florida. (MK-F48)",,,,,,,
,2310SFRSFS010,,S,,,Sarracenia,flava,,rubricorpora,NA,NA,NA,NA,sarracenia.fr,SFR,SFA-014 O,010,,2023-10,"5,00 ",,,,"Sarracenia flava var.rubricorpora - Heavy Viens Beautiful plant, very strongly vine.",,,,,,,
,2310SFRSFS011,,S,,,Sarracenia,flava,,atropurpurea,NA,NA,NA,NA,sarracenia.fr,SFR,SFA-031 G1,011,MKF304F1,2023-10,"12,00",,,,Sarracenia flava var.atropurpurea 'Waccamaw' Probably the most spectacular of the Sarracenia Flava var.atropurpurea. Unmistakable red color.,,,,,,,
,2310SFRSFS012,,S,,,Sarracenia,flava,,atropurpurea,NA,NA,NA,NA,sarracenia.fr,SFR,SFA-031 G3,012,MKF304F2,2023-10,"7,50 ",,,,"Sarracenia flava var.atropurpurea 'Waccamaw' F2 (Self) Seeds of 'Waccamaw' F2. Plant with unmistakable colors, practically identical to the cultivar. ",,,,,,,
,2310SFRSFS013,,S,,,Sarracenia,flava,,flava,Near Shallotte,Brunswick,North Carolina,United States,sarracenia.fr,SFR,SFA-034,013,,2023-10,"5,00 ",,,,"Sarracenia flava var.flava f.viridescens - Brunswick Co Near Shallotte, Brunswick Co, NC",,,,,,,
,2310SFRSLS014,,S,,,Sarracenia,leucophylla,,leucophylla,"Hosford, Apalachicola NF",Wakulla,Florida,United States,sarracenia.fr,SFR,SLE-001 S,014,,2023-10,"4,00 ",,,,"Sarracenia leucophylla var.leucophylla - Hosford, Apalachicola NF, Wakulla Co - F Large brightly colored leucophylla.",,,,,,,
,2310SFRSLS015,,S,,,Sarracenia,leucophylla,,alba,Hurricane Creek,Tuscaloosa,Alabama,United States,sarracenia.fr,SFR,SLE-003 H,015,,2023-10,"10,00",,,,HCWF Sarracenia leucophylla var.alba Hurricane Creek-Baldwin Co- # F Definitely the most spectacular of the Hurricane Creek leucophylla.,,,,,,,
,2310SFRSLS016,,S,,,Sarracenia,leucophylla,,leucophylla,"Ctenium Fields, Perdido",Baldwin,Alabama,United States,sarracenia.fr,SFR,SLE-031,016,,2023-10,"3,00 ",,,,"Sarracenia leucophylla f.viridescens Ctenium Fields, Perdido, Baldwin Co., AL Very white pitchers with green veines, gets very large.",,,,,,,
,2310SFRSMS017,,S,,,Sarracenia,minor,,okefenokeensis,NA,NA,NA,NA,sarracenia.fr,SFR,SMI-011,017,,2023-10,"3,00 ",,,,Sarracenia minor var.okefenokeensis (C4),,,,,,,
,2310SFRSMS018,,S,,,Sarracenia,minor,,minor,NA,NA,NA,NA,sarracenia.fr,SFR,SMI-012 B,018,,2023-10,"5,00 ",,,,Sarracenia minor var.minor f.viridescens Viridescens form of Sarracenia minor. No red pigmentation.,,,,,,,
,2309BCPSAS001,,S,,,Sarracenia,alata,,,,St. Tammany,Louisiana,United States,BestCarnivorousPlants,BCP,,001,,2023-09,3,,,,"Sarracenia alata {St. Tammany Parish, Louisiana, USA}[BCP ID# S268] (12s) ",,,,,,,
,2309BCPSFS002,,S,,,Sarracenia,flava,,,near Edmund,Lexington,South Carolina,United States,BestCarnivorousPlants,BCP,,002,,2023-09,3,,,,"Sarracenia flava {cutthroat, near Edmund, Lexington Co., South Carolina, USA} [BCP ID# S287] (15s).",,,,,,,
,2309BCPSFS003,,S,,,Sarracenia,flava,,,Harleyville,Dorchester,South Carolina,United States,BestCarnivorousPlants,BCP,,003,,2023-09,3,,,,"Sarracenia flava {Harleyville, Dorchester Co., South Carolina, USA} [BCP ID# S2921 (20s).",,,,,,,
,2309BCPSFS004,,S,,,Sarracenia,flava,,maxima,Francis Marlon NF,Berkeley,South Carolina,United States,BestCarnivorousPlants,BCP,,004,,2023-09,4,,,,"Sarracenia flava var. maxima (Francis Marion NF, Berkeley Co., SC, USA}[BCP ID# R-S7J, S291] (20s).",,,,,,,
,2309BCPSMS005,,S,,,Sarracenia,minor,,okefenokeensis,,Ware,Georgia,United States,BestCarnivorousPlants,BCP,,005,,2023-09,3,,,,"Sarracenia minor var. okefenokeensis (Ware Co., Georgia, USA} [BCP D# R-6M, S203] (15s).",,,,,,,
,2309BCPSPS006,,S,,,Sarracenia,purpurea,purpurea,,"Spruce Bog, Algonquin Park",,Οntario,Canada,BestCarnivorousPlants,BCP,,006,,2023-09,3,,,,"Sarracenia purpurea subsp. purpurea (Spruce Bog, Algonquin Park, Ontario, Canada} [BCP ID# S212] (10s).",,,,,,,
,2309BCPSPS007,,S,,,Sarracenia,purpurea,purpurea,ripicola,"Dorcas Bay, Bruce Peninsula",,Ontario,Canada,BestCarnivorousPlants,BCP,,007,,2023-09,3,,,,"Sarracenia purpurea subsp. purpurea var. ripicola {Dorcas Bay, Bruce Peninsula, Ontario, Canada} [BCP ID# S213] (12s).",,,,,,,
,2309BCPSPS008,,S,,,Sarracenia,purpurea,venosa,montana,,,,,BestCarnivorousPlants,BCP,,008,,2023-09,3,,,,Saracenia purpurea subsp. venosa var. montana [BCP ID# S251] (20s).,,,,,,,
,2309BCPSRS009,,S,,,Sarracenia,rubra,gulfensis,,,,,,BestCarnivorousPlants,BCP,,009,,2023-09,3,,,,Sarracenia rubra ssp. gulfensis (mix of different forms) [BCP ID# S267] (20s).,,,,,,,
,2309BCPSRS010,,S,,,Sarracenia,rubra,rubra,,,Brunswick,North Carolina,United States,BestCarnivorousPlants,BCP,,010,,2023-09,3,,,,"Sarracenia rubra subsp. rubra {Brunswick Co., North Carolina, USA}. [BCP ID# R-S1C, S217] (10s).",,,,,,,
,2309BCPSRS011,,S,,,Sarracenia,rubra,wherryi,,,Washington,Alabama,United States,BestCarnivorousPlants,BCP,,011,,2023-09,3,,,,"Sarracenia rubra subsp. wherryi (Washington Co., Alabama, USA}. [BCP ID# R-S1G, S218] (15s).",,,,,,,
,2311RPESPS001,,S,,,Sarracenia,purpurea,purpurea,,Pakim Pound,Burlington,New Jersey,United States,petit.romain@hotmail.com,RPE,SPP04,001,MKPPP3F1,2023-11,3,,,,"purpurea Pakim Pound, Burlington Co., NJ, USA, MK PP3 ",,,,,,,
,2311RPESPS002,,S,,,Sarracenia,purpurea,purpurea,,"Dorcas Bay, Bruce Peninsula",Bruce,Ontario,Canada,petit.romain@hotmail.com,RPE,SPP30,002,,2023-11,3,,,,purpurea Dorcas Bay Bruce Co. Ontario Canada ,,,,,,,
,2311RPESPS003,,S,,,Sarracenia,purpurea,purpurea,,Fort Nelson,,British Columbia,Canada,petit.romain@hotmail.com,RPE,SPP27,003,,2023-11,3,,,,"purpurea Fort Nelson, Colombie-Britanique, Canada ",,,,,,,
,2311RPESPS004,,S,,,Sarracenia,purpurea,purpurea,,Crieff Bog,,Ontario,Canada,petit.romain@hotmail.com,RPE,SPP28,004,,2023-11,3,,,,"purpurea Crieff Bog, Ontario, Canada ",,,,,,,
,2311RPESPS005,,S,,,Sarracenia,purpurea,purpurea,,,Oakland,Michigan,United States,petit.romain@hotmail.com,RPE,SPP08,005,,2023-11,3,,,,"purpurea d'Oakland Co, Michigan USA, ",,,,,,,
,2311RPESPS006,,S,,,Sarracenia,purpurea,purpurea,,NA,NA,NA,,petit.romain@hotmail.com,RPE,SPP07,006,,2023-11,4,,,,"purpurea ""Veinless Plant"" (2) (not antho free) feuille orange en hiver ",,,,,,,
,2311RPESRS007,,S,,,Sarracenia,rosea,,,,Bay,Florida,United States,petit.romain@hotmail.com,RPE,SPB03,007,,2023-11,4,,,,"burkii (rosea) de Bay County, Florida USA ",,,,,,,
,2311RPESFP008,,P,,,Sarracenia,flava,,ornata,Sandy Creek Road,Bay,Florida,United States,petit.romain@hotmail.com,RPE,SFO04,008,,2023-11,12,,,,"ornata Sandy Creek Road, Bay Co, FL USA",,,,,,,
,2311RPESXP009,,P,,,Sarracenia,xhybrid,,,,Walton,Florida,United States,petit.romain@hotmail.com,RPE,SHY07,009,,2023-11,30,,,,"Wilkerson's White Knight' W. Walton Co, FL USA",,,,,,,
,2311RPESXP010,,P,,,Sarracenia,xhybrid,,,NA,NA,NA,,petit.romain@hotmail.com,RPE,SHY10,010,,2023-11,25,,,,"Aerolata ""October Hope"" Daniel Righetti",,,,,,,
,2311RPESFP011,,P,,,Sarracenia,flava,,ornata,NA,NA,NA,,petit.romain@hotmail.com,RPE,SFO05,011,MKF257,2023-11,45,,,,ornata 'GOLDIE',,,,,,,
,2311RPESLP012,,P,,,Sarracenia,leucophylla,,,"Russel Road, Citronelle",Mobile,Alabama,United States,petit.romain@hotmail.com,RPE,SLE02,012,MKL14,2023-11,12,,,,"Yellow flowered form, Red/white, Russell Road, Citronelle, AL, WS USA MK L14",,,,,,,
,2311RPESLP013,,P,,,Sarracenia,leucophylla,,alba,Citronelle,Mobile,Alabama,United States,petit.romain@hotmail.com,RPE,SLE06,013,MKL2,2023-11,12,,,,alba (L2 RVL) MK L2,,,,,,,
,2311RPESLP014,,P,,,Sarracenia,leucophylla,,leucophylla,NA,NA,NA,,petit.romain@hotmail.com,RPE,SLE08,014,,2023-11,12,,,,leucophylla Lavinia L2 MK X L18 MK,,,,,,,
,2311DCASXS007,,S,,,Sarracenia,xhybrid,,,NA,NA,NA,NA,dc.carnivores/aldebardan - Danilo Cazzaniga,DCA,7,007,,2023-11,9,,,,S. flava ornata “improved black veins” x ornata “pencil veining” ,,,,,,,
,2311DCASXS040,,S,,,Sarracenia,xhybrid,,,NA,NA,NA,NA,dc.carnivores/aldebardan - Danilo Cazzaniga,DCA,40,040,,2023-11,5,,,,S. flava ornata F88MK x flava atro. “2AT” super dark,,,,,,,
,2311DCASXS041,,S,,,Sarracenia,xhybrid,,,NA,NA,NA,NA,dc.carnivores/aldebardan - Danilo Cazzaniga,DCA,41,041,,2023-11,9,,,,S. flava rubri very dark maroon F149 x atro. “2AT” super dark,,,,,,,
,2311DCASXS045,,S,,,Sarracenia,xhybrid,,,NA,NA,NA,NA,dc.carnivores/aldebardan - Danilo Cazzaniga,DCA,45,045,,2023-11,7,,,,S. flava atro F280 x flava atro. “2AT” super dark,,,,,,,
,2311DCASXS047,,S,,,Sarracenia,xhybrid,,,NA,NA,NA,NA,dc.carnivores/aldebardan - Danilo Cazzaniga,DCA,47,047,,2023-11,4,,,,S. (Oreo x atropurp) x flava atro. “2AT” super dark,,,,,,,
,2311DCASXS048,,S,,,Sarracenia,xhybrid,,,NA,NA,NA,NA,dc.carnivores/aldebardan - Danilo Cazzaniga,DCA,48,048,,2023-11,5,,,,S. Alata nigropurpurea CK1 x flava atro. “2AT” super dark,,,,,,,
,2311DCASXS055,,S,,,Sarracenia,xhybrid,,,NA,NA,NA,NA,dc.carnivores/aldebardan - Danilo Cazzaniga,DCA,55,055,,2023-11,11,,,,S. Flava rubri. inverse Vic25A x rubri FL 125 RVL ,,,,,,,
,2311DCASXS061,,S,,,Sarracenia,xhybrid,,,NA,NA,NA,NA,dc.carnivores/aldebardan - Danilo Cazzaniga,DCA,61,061,,2023-11,5,,,,"S. Cuprea “Copper foggy” x flava var. cuprea, “Best clone”",,,,,,,
,2311DCASXS068,,S,,,Sarracenia,xhybrid,,,NA,NA,NA,NA,dc.carnivores/aldebardan - Danilo Cazzaniga,DCA,68,068,,2023-11,12,,,,S. x “Roy Cheek” x flava atro. “2AT” super dark,,,,,,,
,2311DCASXS083,,S,,,Sarracenia,xhybrid,,,NA,NA,NA,NA,dc.carnivores/aldebardan - Danilo Cazzaniga,DCA,83,083,,2023-11,6,,,,S. alata A60 x flava atro. “2AT” super dark,,,,,,,
,2311DCASXS086,,S,,,Sarracenia,xhybrid,,,NA,NA,NA,NA,dc.carnivores/aldebardan - Danilo Cazzaniga,DCA,86,086,,2023-11,8,,,,"S. x moorei, all red form HC211 x atro. “2AT” super dark",,,,,,,
,2311DCASXS125,,S,,,Sarracenia,xhybrid,,,NA,NA,NA,NA,dc.carnivores/aldebardan - Danilo Cazzaniga,DCA,125,125,,2023-11,12,,,,S. x “Pink Spirit” x alba L131MK,,,,,,,
,2311DCASXS195,,S,,,Sarracenia,xhybrid,,,NA,NA,NA,NA,dc.carnivores/aldebardan - Danilo Cazzaniga,DCA,195,195,,2023-11,8,,,,S. Cherry Lips x “Ellie Wang”,,,,,,,
,2311DCASXS197,,S,,,Sarracenia,xhybrid,,,NA,NA,NA,NA,dc.carnivores/aldebardan - Danilo Cazzaniga,DCA,197,197,,2023-11,8,,,,S x Fucsia x “Bloody punch” ,,,,,,,
,2311DCASXS204,,S,,,Sarracenia,xhybrid,,,NA,NA,NA,NA,dc.carnivores/aldebardan - Danilo Cazzaniga,DCA,204,204,,2023-11,8,,,,S. areolata “October hope” x super color,,,,,,,
,2311DCASXS214,,S,,,Sarracenia,xhybrid,,,NA,NA,NA,NA,dc.carnivores/aldebardan - Danilo Cazzaniga,DCA,214,214,,2023-11,8,,,,S. (L18 x Wilkerson Red) x leuco “Black sheer”,,,,,,,
,2311DCASXS217,,S,,,Sarracenia,xhybrid,,,NA,NA,NA,NA,dc.carnivores/aldebardan - Danilo Cazzaniga,DCA,217,217,,2023-11,7,,,,S. SH76 x “Bloody punch” ,,,,,,,
,,,P,,,Amorphophallus,carneus,,,,,,,BGB,BGB,,,,2023,,Malaische Halbinsel,,,,dwarf,,,,,,
,,,P,,,Amorphophallus,claudelii,,,,,,,BGB,BGB,,,,2023,,Laos,,,,dwarf,,,,,,
,,,P,,,Amorphophallus,ferruginosus,,,,,,,Pflanzenraeritaeten,PRA,,,,2022,,,,,,,,,,,,
,,,P,,,Amorphophallus,impessus,,,,,,,Pflanzenraeritaeten,PRA,,,,2022,,Tanzania,,,,,,,,,,
,,,P,,,Amorphophallus,konjac,Nightstick,,,,,,Lukas Fleischanderl,LFL,,,,2023,,,,,,amorphophallus-forum.de,,,,,,
,,,P,,,Amorphophallus,konjac,Rosy grey stem (shredded umbrella),,,,,,Lukas Fleischanderl,LFL,,,,2023,,,,,,amorphophallus-forum.de,,,,,,
,,,P,,,Amorphophallus,konjac x albus,,,,,,,Pflanzenraeritaeten,PRA,,,,2021,,,,,,,,,,,,
,,,P,,,Amorphophallus,maxwellii,,,,,,,BGB,BGB,,,,2023,,Thailand,,,,,,,,,,
,,,P,,,Amorphophallus,muelleri,,,,,,,BGB,BGB,,,,2023,,"Burma, Thailand, Indonesien",,,,,,,,,,
,,,P,,,Amorphophallus,myosuroides,cv. Silverleaf,,,,,,BGB,BGB,,,,2023,,Laos,,,,,,,,,,
,,,P,,,Amorphophallus,onysakulii,dwarf,,,,,,BGB,BGB,,,,2023,,Laos,,,,,,,,,,
,,,P,,,Amorphophallus,operculatus,,,,,,,Pflanzenraeritaeten,PRA,,,,2022,,,,,,,,,,,,
,,,P,,,Arisaema,candidissimum,weiss,,,,,,Pflanzenraeritaeten,PRA,,,,2021,,,,,,,,,,,,
,,,P,,,Arisaema,candidissimum,rosa,,,,,,Pflanzenraeritaeten,PRA,,,,2021,,,,,,,,,,,,
,,,P,,,Arisaema,ciliatum,,,,,,,Pflanzenraeritaeten,PRA,,,,2021,,,,,,,,,,,,
,,,P,,,Arisaema,ciliatum,liubaense,,,,,,Pavel Husička,PHU,,,,2023,,,,,,Facebook,,,,,,
,,,P,,,Arisaema,consanguineum,,,,,,,Pavel Husička,PHU,,,,2023,,,,,,Facebook,,,,,,
,,,P,,,Arisaema,ringens,,,,,,,Pflanzenraeritaeten,PRA,,,,2022,,,,,,,,,,,,
,,,P,,,Arisarum,simorrhinum,,,,Tenerife,,Spain,unknown,WCO,,,,2023,,,,,,,,,,,,
,,,P,,,Arisarum,vulgare,,,Car,,Sicily,Italy,unknown,WCO,,,,2022,,car,,,,,,,,,,
,,,P,,,Arisarum,vulgare,,,Ustica,,Sicily,Italy,unknown,WCO,,,,2023,,Ustica,,,,,,,,,,
,,,P,,,Biarum,tenuifolium,,,Etna,,Sicily,Italy,unknown,WCO,,,,2023,,,,,,,,,,,,
,,,P,,,Dracunculus,vulgaris,,,,,,,Ruedi Fürst,RFU,,,,2022,,,,,,,,,,,,
,,,S,,,Dracunculus,vulgaris,,,,,,,eBay seeds,EBA,,,,2022,,,,,,,,,,,,
,,,P,,,Dracunculus,canariensis,,,,Tenerife,,Spain,unknown,WCO,,,,2023,,151193525,,,,,,,,,,
,,,P,,,Dracunculus,canariensis,,,,Tenerife,,Spain,unknown,WCO,,,,2023,,,,,,,,,,,,
,,,P,,,Sauromatum,giganteum,syn. Typhonium giganteum,,,,,,BGZ,BGZ,,,,2021,,,,,,,,,,,,
,,,P,,,Sauromatum,venosum,'Indian Giant',,,,,,Pflanzenraeritaeten,PRA,,,,2021,,,,,,,,,,,,
,,,P,,,Sauromatum,venosum,'Tana Lake',,,,,,Pflanzenraeritaeten,PRA,,,,2022,,,,,,,,,,,,
,,,P,,,Sauromatum,venosum,High Horse' 1.7 meters,,,,,,BGB,BGB,,,,2023,,,,,,,,,,,,
,,,P,,,Sauromatum,,,,,,,,Ruedi Fürst,RFU,,,,2022,,,,,,,,,,,,
,,,P,,,Amorphophallus,albus,'black spot',,,,,,eBay,EBA,,,,2023,,,,,,,,,,,,
,,,P,,,Arisaema,flavum,ssp. flavum,,,,,,eBay,EBA,,,,2023,,,,,,,,,,,,
,,,P,,,Arisaema,fargesii,,,,,,,eBay,EBA,,,,2023,,,,,,,,,,,,
,,,P,,,Arisaema,amurense,"2x 10-15g 5,00",,,,,,Dirk Schippmann,DSC,,,,2024,,,,,,"2x 10-15g 5,00",,,,,,
,,,P,,,Arisaema,tosaense,"2x bis 15g 5,00",,,,,,Dirk Schippmann,DSC,,,,2024,,,,,,"2x bis 15g 5,00",,,,,,
,,,P,,,Spatantheum,orbygnianum,"2x bis 10g 4,00",,,,,,Dirk Schippmann,DSC,,,,2024,,,,,,"2x bis 10g 4,00",,,,,,
,,,P,,,Arisaema,fargesii,"5Stück 4,00",,,,,,Dirk Schippmann,DSC,,,,2024,,,,,,"5Stück 4,00",,,,,,
,,,P,,,Arisaema,concinnum,"3,50",,,,,,Dirk Schippmann,DSC,,,,2024,,,,,,"3,50",,,,,,
,,,P,,,Typhonium,gaoligongensis,"2x klein 4,00",,,,,,Dirk Schippmann,DSC,,,,2024,,,,,,"2x klein 4,00",,,,,,
,,,P,,,Typhonium,venosum groß,"4,00",,,,,,Dirk Schippmann,DSC,,,,2024,,,,,,"4,00",,,,,,
,,,P,,,Amorphophallus,thaiensis,"mittel 7,00",,,,,,Dirk Schippmann,DSC,,,,2024,,,,,,"mittel 7,00",,,,,,
,,,P,,,Pinellia,tripartita,"2x unten 2,00",,,,,,Dirk Schippmann,DSC,,,,2024,,,,,,"2x unten 2,00",,,,,,
,,,P,,,Arisaema,franchetianum,"mittel 6,00",,,,,,Dirk Schippmann,DSC,,,,2024,,,,,,"mittel 6,00",,,,,,
,,,P,,,Amorphophallus,yunnanensis,"6,00",,,,,,Dirk Schippmann,DSC,,,,2024,,,,,,"6,00",,,,,,
,,,P,,,Arisaema,lechenaultii,"mittel 15,00",,,,,,Dirk Schippmann,DSC,,,,2024,,,,,,"mittel 15,00",,,,,,
,,,P,,,Arisaema,echinatum (zhui),"15,00",,,,,,Dirk Schippmann,DSC,,,,2024,,,,,,"15,00",,,,,,
,,,P,,,Sauromatum,horsfeldii,"2x klein 5,00",,,,,,Dirk Schippmann,DSC,,,,2024,,,,,,"2x klein 5,00",,,,,,
,,,P,,,Gorgonidium,intermedium,"mittel 6,00",,,,,,Dirk Schippmann,DSC,,,,2024,,,,,,"mittel 6,00",,,,,,
,,,P,,,Arisaema,triphyllum,"Klein 4,00",,,,,,Dirk Schippmann,DSC,,,,2024,,,,,,"Klein 4,00",,,,,,
,,,P,,,Typhonium,nubicum,"mittel 5,00",,,,,,Dirk Schippmann,DSC,,,,2024,,,,,,"mittel 5,00",,,,,,
,,,P,,,Arisaema,erubescens,"mittel 6,00",,,,,,Dirk Schippmann,DSC,,,,2024,,,,,,"mittel 6,00",,,,,,
,,,P,,,Amorphophallus ,Mary Sizemore,"von 4,00 bis 20,00: ich würde zwei kleine Stücke kaufen ca. 8€",,,,,,Dirk Schippmann,DSC,,,,2024,,,,,,"von 4,00 bis 20,00: ich würde zwei kleine Stücke kaufen ca. 8€",,,,,,